--
-- Script was generated by Devart dbForge Studio 2019 for MySQL, Version 8.2.23.0
-- Product home page: http://www.devart.com/dbforge/mysql/studio
-- Script date 12/7/2021 12:39:39 AM
-- Server version: 5.5.5-10.1.47-MariaDB-0ubuntu0.18.04.1
-- Client version: 4.1
--

-- 
-- Disable foreign keys
-- 
/*!40014 SET @OLD_FOREIGN_KEY_CHECKS=@@FOREIGN_KEY_CHECKS, FOREIGN_KEY_CHECKS=0 */;

-- 
-- Set SQL mode
-- 
/*!40101 SET @OLD_SQL_MODE=@@SQL_MODE, SQL_MODE='NO_AUTO_VALUE_ON_ZERO' */;

-- 
-- Set character set the client will use to send SQL statements to the server
--
SET NAMES 'utf8';

--
-- Set default database
--
USE `MISA.WEB09.DMHA`;

--
-- Drop procedure `Proc_DeleteFixedAssetById`
--
DROP PROCEDURE IF EXISTS Proc_DeleteFixedAssetById;

--
-- Drop procedure `Proc_GetFixedAssetByFixedAssetCode`
--
DROP PROCEDURE IF EXISTS Proc_GetFixedAssetByFixedAssetCode;

--
-- Drop procedure `Proc_GetFixedAssetFilter`
--
DROP PROCEDURE IF EXISTS Proc_GetFixedAssetFilter;

--
-- Drop procedure `Proc_GetFixedAssetIdById`
--
DROP PROCEDURE IF EXISTS Proc_GetFixedAssetIdById;

--
-- Drop procedure `Proc_GetFixedAssets`
--
DROP PROCEDURE IF EXISTS Proc_GetFixedAssets;

--
-- Drop procedure `Proc_GetLastestFixedAssetCode`
--
DROP PROCEDURE IF EXISTS Proc_GetLastestFixedAssetCode;

--
-- Drop procedure `Proc_InsertFixedAsset`
--
DROP PROCEDURE IF EXISTS Proc_InsertFixedAsset;

--
-- Drop procedure `Proc_UpdateFixedAsset`
--
DROP PROCEDURE IF EXISTS Proc_UpdateFixedAsset;

--
-- Drop table `FixedAsset`
--
DROP TABLE IF EXISTS FixedAsset;

--
-- Drop procedure `Proc_GetDepartments`
--
DROP PROCEDURE IF EXISTS Proc_GetDepartments;

--
-- Drop table `Department`
--
DROP TABLE IF EXISTS Department;

--
-- Drop procedure `Proc_GetFixedAssetCategorys`
--
DROP PROCEDURE IF EXISTS Proc_GetFixedAssetCategorys;

--
-- Drop table `FixedAssetCategory`
--
DROP TABLE IF EXISTS FixedAssetCategory;

--
-- Set default database
--
USE `MISA.WEB09.DMHA`;

--
-- Create table `FixedAssetCategory`
--
CREATE TABLE FixedAssetCategory (
  FixedAssetCategoryId char(36) NOT NULL COMMENT 'Id loại tài sản',
  FixedAssetCategoryCode varchar(50) DEFAULT NULL COMMENT 'Mã loại tài sản',
  FixedAssetCategoryName varchar(255) DEFAULT NULL COMMENT 'Tên loại tài sản',
  DepreciationRate float DEFAULT NULL COMMENT 'Tỷ lệ hao mòn (%)',
  LifeTime int(11) DEFAULT NULL COMMENT 'Số năm sử dụng ',
  Description varchar(500) DEFAULT NULL COMMENT 'Ghi chú',
  CreatedBy varchar(50) DEFAULT NULL COMMENT 'Người tạo',
  CreatedDate timestamp NULL DEFAULT CURRENT_TIMESTAMP COMMENT 'Ngày tạo',
  ModifiedBy varchar(50) DEFAULT NULL COMMENT 'Người sửa',
  ModifiedDate timestamp NULL DEFAULT CURRENT_TIMESTAMP COMMENT 'Ngày sửa',
  PRIMARY KEY (FixedAssetCategoryId)
)
ENGINE = INNODB,
AVG_ROW_LENGTH = 2340,
CHARACTER SET utf8mb4,
COLLATE utf8mb4_general_ci,
COMMENT = 'Loại tài sản';

DELIMITER $$

--
-- Create procedure `Proc_GetFixedAssetCategorys`
--
CREATE DEFINER = 'dev'@'%'
PROCEDURE Proc_GetFixedAssetCategorys ()
BEGIN
  SELECT
    *
  FROM FixedAssetCategory fac;
END
$$

DELIMITER ;

--
-- Create table `Department`
--
CREATE TABLE Department (
  DepartmentId char(36) NOT NULL,
  DepartmentCode varchar(50) DEFAULT NULL COMMENT 'Mã của phòng ban',
  DepartmentName varchar(255) DEFAULT NULL COMMENT 'Tên phòng ban',
  Description varchar(500) DEFAULT NULL COMMENT 'Ghi chú',
  CreatedBy varchar(50) DEFAULT NULL COMMENT 'Người tạo',
  CreatedDate timestamp NULL DEFAULT CURRENT_TIMESTAMP COMMENT 'Ngày tạo',
  ModifiedBy varchar(50) DEFAULT NULL COMMENT 'Người sửa',
  ModifiedDate timestamp NULL DEFAULT CURRENT_TIMESTAMP COMMENT 'Ngày sửa',
  PRIMARY KEY (DepartmentId)
)
ENGINE = INNODB,
AVG_ROW_LENGTH = 3276,
CHARACTER SET utf8mb4,
COLLATE utf8mb4_general_ci,
COMMENT = 'Danh mục phòng ban';

DELIMITER $$

--
-- Create procedure `Proc_GetDepartments`
--
CREATE DEFINER = 'dev'@'%'
PROCEDURE Proc_GetDepartments ()
BEGIN
  SELECT
    *
  FROM Department d;
END
$$

DELIMITER ;

--
-- Create table `FixedAsset`
--
CREATE TABLE FixedAsset (
  FixedAssetId char(36) NOT NULL COMMENT 'Id tài sản',
  FixedAssetCode varchar(100) DEFAULT NULL COMMENT 'Mã tài sản',
  FixedAssetName varchar(255) DEFAULT NULL COMMENT 'Tên tài sản',
  DepartmentId char(36) DEFAULT NULL COMMENT 'Id phòng ban',
  DepartmentCode varchar(50) DEFAULT NULL COMMENT 'Mã phòng ban',
  DepartmentName varchar(255) DEFAULT NULL,
  FixedAssetCategoryId char(36) DEFAULT NULL COMMENT 'Id loại tài sản',
  FixedAssetCategoryCode varchar(50) DEFAULT NULL COMMENT 'Mã loại tài sản',
  FixedAssetCategoryName varchar(255) DEFAULT NULL COMMENT 'Tên loại tài sản',
  PurchaseDate timestamp NULL DEFAULT CURRENT_TIMESTAMP COMMENT 'Ngày mua',
  Cost decimal(19, 4) DEFAULT NULL COMMENT 'nguyên giá',
  Quantity int(11) DEFAULT 0 COMMENT 'Số lượng',
  DepreciationRate float DEFAULT NULL COMMENT 'Tỷ lệ hao mòn (%)',
  TrackedYear int(11) DEFAULT NULL COMMENT 'Năm bắt đầu theo dõi tài sản trên phần mềm',
  LifeTime int(11) DEFAULT NULL COMMENT 'Số năm sử dụng ',
  ProductionYear int(11) DEFAULT NULL COMMENT 'Năm sử dụng',
  UseDate timestamp NULL DEFAULT CURRENT_TIMESTAMP COMMENT 'Ngày bắt đấu sử dụng',
  Active bit(1) DEFAULT b'0' COMMENT 'Sử dụng',
  CreatedBy varchar(50) DEFAULT NULL COMMENT 'Người tạo',
  CreatedDate timestamp NULL DEFAULT CURRENT_TIMESTAMP COMMENT 'Ngày tạo',
  ModifiedBy varchar(50) DEFAULT NULL COMMENT 'Người sửa',
  ModifiedDate timestamp NULL DEFAULT CURRENT_TIMESTAMP COMMENT 'Ngày sửa',
  PRIMARY KEY (FixedAssetId)
)
ENGINE = INNODB,
AVG_ROW_LENGTH = 381,
CHARACTER SET utf8mb4,
COLLATE utf8mb4_general_ci;

--
-- Create foreign key
--
ALTER TABLE FixedAsset
ADD CONSTRAINT FK_FixedAsset_DepartmentId FOREIGN KEY (DepartmentId)
REFERENCES Department (DepartmentId) ON DELETE NO ACTION;

--
-- Create foreign key
--
ALTER TABLE FixedAsset
ADD CONSTRAINT FK_FixedAsset_FixedAssetCategoryId FOREIGN KEY (FixedAssetCategoryId)
REFERENCES FixedAssetCategory (FixedAssetCategoryId) ON DELETE NO ACTION;

DELIMITER $$

--
-- Create procedure `Proc_UpdateFixedAsset`
--
CREATE DEFINER = 'dev'@'%'
PROCEDURE Proc_UpdateFixedAsset (IN FixedAssetId char(36),
IN FixedAssetCode varchar(100),
IN FixedAssetName varchar(255),
IN DepartmentId char(36),
IN FixedAssetCategoryId char(36),
IN PurchaseDate timestamp,
IN Cost decimal(19, 4),
IN Quantity int(11),
IN DepreciationRate float,
IN TrackedYear int(11),
IN LifeTime int(11),
IN ProductionYear int(11),
IN UseDate timestamp,
IN Active bit(1),
IN ModifiedBy varchar(50))
BEGIN
  UPDATE FixedAsset fa
  SET fa.FixedAssetCode = FixedAssetCode,
      fa.FixedAssetName = FixedAssetName,
      fa.DepartmentId = DepartmentId,
      fa.FixedAssetCategoryId = FixedAssetCategoryId,
      fa.PurchaseDate = PurchaseDate,
      fa.Cost = Cost,
      fa.Quantity = Quantity,
      fa.DepreciationRate = DepreciationRate,
      fa.TrackedYear = TrackedYear,
      fa.LifeTime = LifeTime,
      fa.ProductionYear = ProductionYear,
      fa.UseDate = UseDate,
      fa.Active = Active,
      fa.ModifiedBy = ModifiedBy,
      fa.ModifiedDate = NOW()
  WHERE fa.FixedAssetId = FixedAssetId;
END
$$

--
-- Create procedure `Proc_InsertFixedAsset`
--
CREATE DEFINER = 'dev'@'%'
PROCEDURE Proc_InsertFixedAsset (IN FixedAssetCode varchar(100),
IN FixedAssetName varchar(255),
IN DepartmentId char(36),
IN FixedAssetCategoryId char(36),
IN PurchaseDate timestamp,
IN Cost decimal(19, 4),
IN Quantity int(11),
IN DepreciationRate float,
IN TrackedYear int(11),
IN LifeTime int(11),
IN ProductionYear int(11),
IN UseDate timestamp,
IN Active bit(1),
IN CreatedDate timestamp)
BEGIN
  INSERT INTO FixedAsset (FixedAssetId, FixedAssetCode, FixedAssetName, DepartmentId, FixedAssetCategoryId, PurchaseDate, Cost, Quantity, DepreciationRate, TrackedYear, LifeTime, ProductionYear, UseDate, Active, CreatedBy, CreatedDate)
    VALUES (UUID(), FixedAssetCode, FixedAssetName, DepartmentId, FixedAssetCategoryId, PurchaseDate, Cost, Quantity, DepreciationRate, TrackedYear, LifeTime, ProductionYear, UseDate, Active, 'Đỗ Mạnh Hà', NOW());
END
$$

--
-- Create procedure `Proc_GetLastestFixedAssetCode`
--
CREATE DEFINER = 'dev'@'%'
PROCEDURE Proc_GetLastestFixedAssetCode ()
BEGIN
  SELECT
    fa.FixedAssetCode
  FROM FixedAsset fa
  ORDER BY LENGTH(fa.FixedAssetCode) DESC, fa.FixedAssetCode DESC LIMIT 1;
END
$$

--
-- Create procedure `Proc_GetFixedAssets`
--
CREATE DEFINER = 'dev'@'%'
PROCEDURE Proc_GetFixedAssets ()
BEGIN
  SELECT
    fa.*,
    d.DepartmentCode,
    d.DepartmentName,
    fac.FixedAssetCategoryCode,
    fac.FixedAssetCategoryName
  FROM FixedAsset fa,
       Department d,
       FixedAssetCategory fac
  WHERE d.DepartmentId = fa.DepartmentId
  AND fac.FixedAssetCategoryId = fa.FixedAssetCategoryId
  ORDER BY fa.CreatedDate DESC;
END
$$

--
-- Create procedure `Proc_GetFixedAssetIdById`
--
CREATE DEFINER = 'dev'@'%'
PROCEDURE Proc_GetFixedAssetIdById (IN FixedAssetId char(36))
BEGIN
  SELECT
    *
  FROM FixedAsset fa
  WHERE fa.FixedAssetId = FixedAssetId;
END
$$

--
-- Create procedure `Proc_GetFixedAssetFilter`
--
CREATE DEFINER = 'dev'@'%'
PROCEDURE Proc_GetFixedAssetFilter (IN FixedAssetCode varchar(100), IN FixedAssetName varchar(255), IN DepartmentId char(36), IN FixedAssetCategoryId char(36), IN PageIndex int, IN PageSize int, IN IsCount bit)
BEGIN
  IF IsCount IS NOT NULL THEN
    SELECT
      COUNT(*)
    FROM FixedAsset fa
    WHERE (fa.FixedAssetCode IS NOT NULL
    AND fa.FixedAssetCode LIKE CONCAT('%', FixedAssetCode, '%'))
    OR (fa.FixedAssetName IS NOT NULL
    AND fa.FixedAssetName LIKE CONCAT('%', FixedAssetName, '%'))
    OR (fa.DepartmentId IS NOT NULL
    AND fa.DepartmentId LIKE CONCAT('%', DepartmentId, '%'))
    OR (fa.FixedAssetCategoryId IS NOT NULL
    AND fa.FixedAssetCategoryId LIKE CONCAT('%', FixedAssetCategoryId, '%'));
  ELSE
    SET PageIndex = (PageIndex - 1) * PageSize;
    SELECT
      *
    FROM FixedAsset fa
    WHERE (fa.FixedAssetCode IS NOT NULL
    AND fa.FixedAssetCode LIKE CONCAT('%', FixedAssetCode, '%'))
    OR (fa.FixedAssetName IS NOT NULL
    AND fa.FixedAssetName LIKE CONCAT('%', FixedAssetName, '%'))
    OR (fa.DepartmentId IS NOT NULL
    AND fa.DepartmentId LIKE CONCAT('%', DepartmentId, '%'))
    OR (fa.FixedAssetCategoryId IS NOT NULL
    AND fa.FixedAssetCategoryId LIKE CONCAT('%', FixedAssetCategoryId, '%'))
    ORDER BY fa.CreatedDate DESC LIMIT PageIndex, PageSize;
  END IF;
END
$$

--
-- Create procedure `Proc_GetFixedAssetByFixedAssetCode`
--
CREATE DEFINER = 'dev'@'%'
PROCEDURE Proc_GetFixedAssetByFixedAssetCode (IN FixedAssetId char(36), IN FixedAssetCode varchar(255))
BEGIN
  IF FixedAssetId IS NULL THEN
    SELECT
      *
    FROM FixedAsset fa
    WHERE fa.FixedAssetCode = FixedAssetCode;
  ELSE
    SELECT
      *
    FROM FixedAsset fa
    WHERE fa.FixedAssetCode = FixedAssetCode
    AND fa.FixedAssetId <> FixedAssetId;
  END IF;
END
$$

--
-- Create procedure `Proc_DeleteFixedAssetById`
--
CREATE DEFINER = 'dev'@'%'
PROCEDURE Proc_DeleteFixedAssetById (IN FixedAssetId char(36))
BEGIN
  DELETE
    FROM FixedAsset
  WHERE FixedAsset.FixedAssetId = FixedAssetId;
END
$$

DELIMITER ;

-- 
-- Dumping data for table FixedAssetCategory
--
INSERT INTO FixedAssetCategory VALUES
('35e773ea-5d44-2dda-26a8-6d513e380bde', 'TBAT', 'Thiết bị âm thanh', 6.54, 6, NULL, NULL, '2021-12-06 13:41:49', NULL, '2021-12-06 13:41:49'),
('3f8e6896-4c7d-15f5-a018-75d8bd200d7c', 'ĐTDĐ', 'Điện thoại di động', 8.28, 5, NULL, NULL, '2021-12-06 13:41:49', NULL, '2021-12-06 13:41:49'),
('45ac3d26-18f2-18a9-3031-644313fbb055', 'LKMT', 'Linh kiện máy tính', 5.75, 7, NULL, NULL, '2021-12-06 13:41:49', NULL, '2021-12-06 13:41:49'),
('647a538e-630d-39cd-0144-e5a214c15aa7', 'MTĐB', 'Máy tính để bàn', 7.5, 7, NULL, NULL, '2021-12-06 13:41:49', NULL, '2021-12-06 13:41:49'),
('75cce5a6-4f7f-3671-3cf3-eb0223d0a4f7', 'ĐHML', 'Điều hòa - Máy lạnh', 5.42, 7, NULL, NULL, '2021-12-06 13:41:49', NULL, '2021-12-06 13:41:49'),
('78aafe4a-67a7-2076-3bf3-eb0223d0a4f7', 'MTXT', 'Máy tính xách tay', 9.85, 5, NULL, NULL, '2021-12-06 13:41:49', NULL, '2021-12-06 13:41:49'),
('7c4f14d8-66fb-14ae-198f-6354f958f4c0', 'TBNV', 'Thiết bị ngoại vi', 6.37, 7, NULL, NULL, '2021-12-06 13:41:49', NULL, '2021-12-06 13:41:49');

-- 
-- Dumping data for table Department
--
INSERT INTO Department VALUES
('11452b0c-768e-5ff7-0d63-eeb1d8ed8cef', 'PDT', 'Phòng Đào tạo', NULL, NULL, '2021-12-06 13:41:48', NULL, '2021-12-06 13:41:48'),
('142cb08f-7c31-21fa-8e90-67245e8b283e', 'PTQ', 'Phòng Thủ quỹ', NULL, NULL, '2021-12-06 13:41:48', NULL, '2021-12-06 13:41:48'),
('17120d02-6ab5-3e43-18cb-66948daf6128', 'PBV', 'Phòng Bảo vệ', NULL, NULL, '2021-12-06 13:41:48', NULL, '2021-12-06 13:41:48'),
('469b3ece-744a-45d5-957d-e8c757976496', 'PHC', 'Phòng Hành chính Tổng hợp', NULL, NULL, '2021-12-06 13:41:48', NULL, '2021-12-06 13:41:48'),
('4e272fc4-7875-78d6-7d32-6a1673ffca7c', 'PKT', 'Phòng Kế toán- Văn thư', NULL, NULL, '2021-12-06 13:41:48', NULL, '2021-12-06 13:41:48');

-- 
-- Dumping data for table FixedAsset
--
INSERT INTO FixedAsset VALUES
('11a8748f-3464-740c-28c2-579daad24557', 'TS00477', 'Laptop Lenovo Legion 7', '4e272fc4-7875-78d6-7d32-6a1673ffca7c', NULL, NULL, '78aafe4a-67a7-2076-3bf3-eb0223d0a4f7', NULL, NULL, '2021-12-06 13:41:49', 80000000.0000, 4, 8.84, 2021, 8, 2022, '2021-12-06 13:41:49', False, NULL, '2021-12-06 13:41:49', 'Đỗ Mạnh Hà', '2021-12-06 18:13:19'),
('1208b54a-66ee-355a-46c2-579daad24557', 'TS00598', 'Laptop ASUS Gaming ROG Zephyrus DUO', '11452b0c-768e-5ff7-0d63-eeb1d8ed8cef', NULL, NULL, '78aafe4a-67a7-2076-3bf3-eb0223d0a4f7', NULL, NULL, '2021-12-06 13:41:49', 55000000.0000, 7, 6.57, 2020, 8, 2022, '2021-12-06 13:41:49', False, NULL, '2021-12-06 13:41:49', NULL, '2021-12-06 13:41:49'),
('1219e510-59ef-36fc-45c2-579daad24557', 'TS00364', 'Laptop Gaming VGS Imperium', '142cb08f-7c31-21fa-8e90-67245e8b283e', NULL, NULL, '78aafe4a-67a7-2076-3bf3-eb0223d0a4f7', NULL, NULL, '2021-12-06 13:41:49', 65000000.0000, 6, 7.23, 2022, 5, 2022, '2021-12-06 13:41:49', False, NULL, '2021-12-06 13:41:49', NULL, '2021-12-06 13:41:49'),
('12693b29-274c-35ce-d11d-086412a8ea97', 'TS00708', 'Laptop Lenovo Thinkpad X1 Fold Gen 1', '142cb08f-7c31-21fa-8e90-67245e8b283e', NULL, NULL, '78aafe4a-67a7-2076-3bf3-eb0223d0a4f7', NULL, NULL, '2021-12-06 13:41:49', 55000000.0000, 10, 5.19, 2021, 10, 2022, '2021-12-06 13:41:49', True, NULL, '2021-12-06 13:41:49', NULL, '2021-12-06 13:41:49'),
('12e12a5c-6e3a-503a-d71d-086412a8ea97', 'TS00974', 'Laptop Dell Latitudes', '11452b0c-768e-5ff7-0d63-eeb1d8ed8cef', NULL, NULL, '78aafe4a-67a7-2076-3bf3-eb0223d0a4f7', NULL, NULL, '2021-12-06 13:41:49', 45000000.0000, 6, 8.83, 2020, 8, 2022, '2021-12-06 13:41:49', False, NULL, '2021-12-06 13:41:49', NULL, '2021-12-06 13:41:49'),
('12e1b096-3542-127a-1077-d9ebc53aac3d', 'TS00442', 'Laptop ASUS Gaming TUF', '469b3ece-744a-45d5-957d-e8c757976496', NULL, NULL, '78aafe4a-67a7-2076-3bf3-eb0223d0a4f7', NULL, NULL, '2021-12-06 13:41:49', 55000000.0000, 10, 5.52, 2021, 8, 2022, '2021-12-06 13:41:49', True, NULL, '2021-12-06 13:41:49', NULL, '2021-12-06 13:41:49'),
('13241f9b-34c5-6720-9641-c1ec321fe728', 'TS00013', 'Laptop Dell Alienware m15', '4e272fc4-7875-78d6-7d32-6a1673ffca7c', NULL, NULL, '78aafe4a-67a7-2076-3bf3-eb0223d0a4f7', NULL, NULL, '2021-12-06 13:41:49', 75000000.0000, 3, 7.85, 2020, 9, 2022, '2021-12-06 13:41:49', False, NULL, '2021-12-06 13:41:49', NULL, '2021-12-06 13:41:49'),
('134608bd-48c2-5fd7-1435-60b3ebf808a9', 'TS00380', 'Laptop ASUS Zenbook UX32AEA', '4e272fc4-7875-78d6-7d32-6a1673ffca7c', NULL, NULL, '78aafe4a-67a7-2076-3bf3-eb0223d0a4f7', NULL, NULL, '2021-12-06 13:41:49', 70000000.0000, 3, 6.75, 2020, 8, 2022, '2021-12-06 13:41:49', False, NULL, '2021-12-06 13:41:49', NULL, '2021-12-06 13:41:49'),
('13e1d857-71ca-355c-5835-0028ed526dd0', 'TS00786', 'Laptop Workstation Dell Precision 7720', '17120d02-6ab5-3e43-18cb-66948daf6128', NULL, NULL, '78aafe4a-67a7-2076-3bf3-eb0223d0a4f7', NULL, NULL, '2021-12-06 13:41:49', 70000000.0000, 8, 6.12, 2021, 6, 2022, '2021-12-06 13:41:49', True, NULL, '2021-12-06 13:41:49', NULL, '2021-12-06 13:41:49'),
('13ede5b6-19dd-563e-1980-de64d090a2c2', 'TS00378', 'Apple Macbook M1 Pro 14"', '4e272fc4-7875-78d6-7d32-6a1673ffca7c', NULL, NULL, '78aafe4a-67a7-2076-3bf3-eb0223d0a4f7', NULL, NULL, '2021-12-06 13:41:49', 70000000.0000, 10, 9.5, 2021, 10, 2022, '2021-12-06 13:41:49', True, NULL, '2021-12-06 13:41:49', NULL, '2021-12-06 13:41:49'),
('143e4110-751a-5474-1f80-de64d090a2c2', 'TS00411', 'Microsoft Surface Book 3', '4e272fc4-7875-78d6-7d32-6a1673ffca7c', NULL, NULL, '78aafe4a-67a7-2076-3bf3-eb0223d0a4f7', NULL, NULL, '2021-12-06 13:41:49', 80000000.0000, 5, 8.2, 2021, 5, 2022, '2021-12-06 13:41:49', True, NULL, '2021-12-06 13:41:49', NULL, '2021-12-06 13:41:49'),
('14aa1334-3d35-32c4-30c2-579daad24557', 'TS00765', 'Laptop Workstation Dell Precision 7720', '4e272fc4-7875-78d6-7d32-6a1673ffca7c', NULL, NULL, '78aafe4a-67a7-2076-3bf3-eb0223d0a4f7', NULL, NULL, '2021-12-06 13:41:49', 75000000.0000, 3, 7.75, 2021, 5, 2022, '2021-12-06 13:41:49', True, NULL, '2021-12-06 13:41:49', NULL, '2021-12-06 13:41:49'),
('1518ced5-6993-37f8-6180-7ed9d1ea06ea', 'TS00003', 'Microsoft Surface Pro X1', '142cb08f-7c31-21fa-8e90-67245e8b283e', NULL, NULL, '78aafe4a-67a7-2076-3bf3-eb0223d0a4f7', NULL, NULL, '2021-12-06 13:41:49', 60000000.0000, 3, 5.76, 2022, 5, 2022, '2021-12-06 13:41:49', False, NULL, '2021-12-06 13:41:49', NULL, '2021-12-06 13:41:49'),
('156bb711-53c6-12ee-5d80-7ed9d1ea06ea', 'TS00142', 'Apple Macbook Pro 2019 16"', '142cb08f-7c31-21fa-8e90-67245e8b283e', NULL, NULL, '78aafe4a-67a7-2076-3bf3-eb0223d0a4f7', NULL, NULL, '2021-12-06 13:41:49', 60000000.0000, 5, 8.84, 2021, 5, 2022, '2021-12-06 13:41:49', False, NULL, '2021-12-06 13:41:49', NULL, '2021-12-06 13:41:49'),
('15acfdfd-12d7-52f6-2777-d9ebc53aac3d', 'TS00672', 'Laptop Lenovo Yoga S17', '17120d02-6ab5-3e43-18cb-66948daf6128', NULL, NULL, '78aafe4a-67a7-2076-3bf3-eb0223d0a4f7', NULL, NULL, '2021-12-06 13:41:49', 50000000.0000, 6, 8.49, 2021, 9, 2022, '2021-12-06 13:41:49', False, NULL, '2021-12-06 13:41:49', NULL, '2021-12-06 13:41:49'),
('15f7fc94-6dce-3bce-2680-de64d090a2c2', 'TS00827', 'Laptop ASUS Gaming ROG Zephyrus S17', '4e272fc4-7875-78d6-7d32-6a1673ffca7c', NULL, NULL, '78aafe4a-67a7-2076-3bf3-eb0223d0a4f7', NULL, NULL, '2021-12-06 13:41:49', 50000000.0000, 7, 9.15, 2022, 7, 2022, '2021-12-06 13:41:49', False, NULL, '2021-12-06 13:41:49', NULL, '2021-12-06 13:41:49'),
('1737c16a-1277-1be3-3bc2-579daad24557', 'TS00216', 'Laptop Workstation Dell Precision 7720', '469b3ece-744a-45d5-957d-e8c757976496', NULL, NULL, '78aafe4a-67a7-2076-3bf3-eb0223d0a4f7', NULL, NULL, '2021-12-06 13:41:49', 80000000.0000, 10, 7.89, 2020, 5, 2022, '2021-12-06 13:41:49', False, NULL, '2021-12-06 13:41:49', NULL, '2021-12-06 13:41:49'),
('17872e95-3d24-6d1a-32c2-579daad24557', 'TS00664', 'Laptop Workstation Dell Precision 7720', '4e272fc4-7875-78d6-7d32-6a1673ffca7c', NULL, NULL, '78aafe4a-67a7-2076-3bf3-eb0223d0a4f7', NULL, NULL, '2021-12-06 13:41:49', 40000000.0000, 4, 7.61, 2021, 7, 2022, '2021-12-06 13:41:49', False, NULL, '2021-12-06 13:41:49', NULL, '2021-12-06 13:41:49'),
('184de98f-2046-1e3f-3377-d9ebc53aac3d', 'TS00012', 'Laptop Dell Alienware m15', '17120d02-6ab5-3e43-18cb-66948daf6128', NULL, NULL, '78aafe4a-67a7-2076-3bf3-eb0223d0a4f7', NULL, NULL, '2021-12-06 13:41:49', 65000000.0000, 3, 8.61, 2022, 10, 2022, '2021-12-06 13:41:49', False, NULL, '2021-12-06 13:41:49', NULL, '2021-12-06 13:41:49'),
('1894486a-2191-4a91-ccd2-89b22d10517e', 'TS00433', 'Laptop ASUS Gaming TUF', '142cb08f-7c31-21fa-8e90-67245e8b283e', NULL, NULL, '78aafe4a-67a7-2076-3bf3-eb0223d0a4f7', NULL, NULL, '2021-12-06 13:41:49', 45000000.0000, 10, 6.58, 2020, 7, 2022, '2021-12-06 13:41:49', True, NULL, '2021-12-06 13:41:49', NULL, '2021-12-06 13:41:49'),
('18baaac1-2b18-2317-b9d2-89b22d10517e', 'TS00531', 'Laptop Acer Predator Triton 300', '11452b0c-768e-5ff7-0d63-eeb1d8ed8cef', NULL, NULL, '78aafe4a-67a7-2076-3bf3-eb0223d0a4f7', NULL, NULL, '2021-12-06 13:41:49', 75000000.0000, 4, 7.25, 2020, 8, 2022, '2021-12-06 13:41:49', False, NULL, '2021-12-06 13:41:49', NULL, '2021-12-06 13:41:49'),
('18bbd5d8-6c2d-154c-bad2-89b22d10517e', 'TS00913', 'Laptop Dell Alienware m15', '142cb08f-7c31-21fa-8e90-67245e8b283e', NULL, NULL, '78aafe4a-67a7-2076-3bf3-eb0223d0a4f7', NULL, NULL, '2021-12-06 13:41:49', 55000000.0000, 10, 7.46, 2022, 8, 2022, '2021-12-06 13:41:49', False, NULL, '2021-12-06 13:41:49', NULL, '2021-12-06 13:41:49'),
('18d2ec1b-61c5-1896-2ec2-579daad24557', 'TS00719', 'Laptop Workstation Dell Precision 7720', '469b3ece-744a-45d5-957d-e8c757976496', NULL, NULL, '78aafe4a-67a7-2076-3bf3-eb0223d0a4f7', NULL, NULL, '2021-12-06 13:41:49', 45000000.0000, 3, 6.11, 2020, 9, 2022, '2021-12-06 13:41:49', True, NULL, '2021-12-06 13:41:49', NULL, '2021-12-06 13:41:49'),
('1906737f-3aed-5704-1777-d9ebc53aac3d', 'TS00611', 'Laptop HP Omen 16', '17120d02-6ab5-3e43-18cb-66948daf6128', NULL, NULL, '78aafe4a-67a7-2076-3bf3-eb0223d0a4f7', NULL, NULL, '2021-12-06 13:41:49', 50000000.0000, 3, 5.74, 2020, 9, 2022, '2021-12-06 13:41:49', False, NULL, '2021-12-06 13:41:49', NULL, '2021-12-06 13:41:49'),
('19208572-271c-6122-3177-d9ebc53aac3d', 'TS00769', 'Apple Macbook M1 Pro 14"', '469b3ece-744a-45d5-957d-e8c757976496', NULL, NULL, '78aafe4a-67a7-2076-3bf3-eb0223d0a4f7', NULL, NULL, '2021-12-06 13:41:49', 70000000.0000, 4, 5.28, 2020, 6, 2022, '2021-12-06 13:41:49', True, NULL, '2021-12-06 13:41:49', NULL, '2021-12-06 13:41:49'),
('19256041-7623-2834-6df6-423b4e874d0f', 'TS00210', 'Laptop Dell Inspiron 5406', '142cb08f-7c31-21fa-8e90-67245e8b283e', NULL, NULL, '78aafe4a-67a7-2076-3bf3-eb0223d0a4f7', NULL, NULL, '2021-12-06 13:41:49', 70000000.0000, 1, 9.42, 2021, 9, 2022, '2021-12-06 13:41:49', True, NULL, '2021-12-06 13:41:49', NULL, '2021-12-06 13:41:49'),
('192b3b9d-5e60-3b13-5b80-7ed9d1ea06ea', 'TS00223', 'Laptop ASUS Gaming TUF', '11452b0c-768e-5ff7-0d63-eeb1d8ed8cef', NULL, NULL, '78aafe4a-67a7-2076-3bf3-eb0223d0a4f7', NULL, NULL, '2021-12-06 13:41:49', 45000000.0000, 10, 7.84, 2020, 6, 2022, '2021-12-06 13:41:49', True, NULL, '2021-12-06 13:41:49', NULL, '2021-12-06 13:41:49'),
('197fda97-5a35-781d-0e77-d9ebc53aac3d', 'TS00724', 'Microsoft Surface Pro X1', '17120d02-6ab5-3e43-18cb-66948daf6128', NULL, NULL, '78aafe4a-67a7-2076-3bf3-eb0223d0a4f7', NULL, NULL, '2021-12-06 13:41:49', 65000000.0000, 9, 8.79, 2020, 9, 2022, '2021-12-06 13:41:49', False, NULL, '2021-12-06 13:41:49', NULL, '2021-12-06 13:41:49'),
('199db575-444b-2633-6880-7ed9d1ea06ea', 'TS00089', 'Laptop Dell Inspiron 5406', '11452b0c-768e-5ff7-0d63-eeb1d8ed8cef', NULL, NULL, '78aafe4a-67a7-2076-3bf3-eb0223d0a4f7', NULL, NULL, '2021-12-06 13:41:49', 40000000.0000, 7, 9.86, 2020, 10, 2022, '2021-12-06 13:41:49', False, NULL, '2021-12-06 13:41:49', NULL, '2021-12-06 13:41:49'),
('1b05fdba-145b-7ab0-8d41-c1ec321fe728', 'TS00117', 'Microsoft Surface Book 3', '17120d02-6ab5-3e43-18cb-66948daf6128', NULL, NULL, '78aafe4a-67a7-2076-3bf3-eb0223d0a4f7', NULL, NULL, '2021-12-06 13:41:49', 45000000.0000, 3, 5.82, 2022, 8, 2022, '2021-12-06 13:41:49', False, NULL, '2021-12-06 13:41:49', NULL, '2021-12-06 13:41:49'),
('1b972dfb-67eb-5f25-39c2-579daad24557', 'TS00055', 'Apple Macbook M1 Pro 14"', '17120d02-6ab5-3e43-18cb-66948daf6128', NULL, NULL, '78aafe4a-67a7-2076-3bf3-eb0223d0a4f7', NULL, NULL, '2021-12-06 13:41:49', 65000000.0000, 9, 8.7, 2021, 6, 2022, '2021-12-06 13:41:49', False, NULL, '2021-12-06 13:41:49', NULL, '2021-12-06 13:41:49'),
('1c98cac7-2784-73af-43c2-579daad24557', 'TS00934', 'Laptop MSI P75 Creator 9SF', '11452b0c-768e-5ff7-0d63-eeb1d8ed8cef', NULL, NULL, '78aafe4a-67a7-2076-3bf3-eb0223d0a4f7', NULL, NULL, '2021-12-06 13:41:49', 70000000.0000, 6, 9.77, 2021, 5, 2022, '2021-12-06 13:41:49', True, NULL, '2021-12-06 13:41:49', NULL, '2021-12-06 13:41:49'),
('1ca4f185-7203-2a84-40c2-579daad24557', 'TS00071', 'Laptop Gigabyte Gaming Aorus 15P', '17120d02-6ab5-3e43-18cb-66948daf6128', NULL, NULL, '78aafe4a-67a7-2076-3bf3-eb0223d0a4f7', NULL, NULL, '2021-12-06 13:41:49', 55000000.0000, 5, 8.34, 2022, 9, 2022, '2021-12-06 13:41:49', True, NULL, '2021-12-06 13:41:49', NULL, '2021-12-06 13:41:49'),
('1d05a704-5376-15ba-1477-d9ebc53aac3d', 'TS00238', 'Laptop ASUS Zenbook UX32AEA', '11452b0c-768e-5ff7-0d63-eeb1d8ed8cef', NULL, NULL, '78aafe4a-67a7-2076-3bf3-eb0223d0a4f7', NULL, NULL, '2021-12-06 13:41:49', 75000000.0000, 6, 9.2, 2022, 8, 2022, '2021-12-06 13:41:49', False, NULL, '2021-12-06 13:41:49', NULL, '2021-12-06 13:41:49'),
('1d21993b-3612-2485-1035-60b3ebf808a9', 'TS00831', 'Apple Macbook M1 Pro 16"', '142cb08f-7c31-21fa-8e90-67245e8b283e', NULL, NULL, '78aafe4a-67a7-2076-3bf3-eb0223d0a4f7', NULL, NULL, '2021-12-06 13:41:49', 40000000.0000, 3, 7.02, 2021, 8, 2022, '2021-12-06 13:41:49', False, NULL, '2021-12-06 13:41:49', NULL, '2021-12-06 13:41:49'),
('1dc115ba-6479-33a7-44c2-579daad24557', 'TS00671', 'Laptop ASUS Gaming ROG Zephyrus DUO', '17120d02-6ab5-3e43-18cb-66948daf6128', NULL, NULL, '78aafe4a-67a7-2076-3bf3-eb0223d0a4f7', NULL, NULL, '2021-12-06 13:41:49', 50000000.0000, 1, 9.19, 2021, 5, 2022, '2021-12-06 13:41:49', True, NULL, '2021-12-06 13:41:49', NULL, '2021-12-06 13:41:49'),
('1e0613d9-772c-28c1-9541-c1ec321fe728', 'TS00807', 'Laptop Acer Predator Triton 300', '17120d02-6ab5-3e43-18cb-66948daf6128', NULL, NULL, '78aafe4a-67a7-2076-3bf3-eb0223d0a4f7', NULL, NULL, '2021-12-06 13:41:49', 65000000.0000, 10, 8.51, 2022, 5, 2022, '2021-12-06 13:41:49', True, NULL, '2021-12-06 13:41:49', NULL, '2021-12-06 13:41:49'),
('1e5ce342-2eec-79a4-5380-7ed9d1ea06ea', 'TS00876', 'Apple Macbook M1 Pro 16"', '142cb08f-7c31-21fa-8e90-67245e8b283e', NULL, NULL, '78aafe4a-67a7-2076-3bf3-eb0223d0a4f7', NULL, NULL, '2021-12-06 13:41:49', 50000000.0000, 7, 5.7, 2021, 9, 2022, '2021-12-06 13:41:49', False, NULL, '2021-12-06 13:41:49', NULL, '2021-12-06 13:41:49'),
('1e5e96fa-5d7a-599d-27c2-579daad24557', 'TS00244', 'Laptop Workstation Dell Precision 7720', '469b3ece-744a-45d5-957d-e8c757976496', NULL, NULL, '78aafe4a-67a7-2076-3bf3-eb0223d0a4f7', NULL, NULL, '2021-12-06 13:41:49', 80000000.0000, 2, 7.1, 2022, 9, 2022, '2021-12-06 13:41:49', False, NULL, '2021-12-06 13:41:49', NULL, '2021-12-06 13:41:49'),
('1f85f165-3ed3-370a-b7d2-89b22d10517e', 'TS00362', 'Laptop HP Omen 15', '469b3ece-744a-45d5-957d-e8c757976496', NULL, NULL, '78aafe4a-67a7-2076-3bf3-eb0223d0a4f7', NULL, NULL, '2021-12-06 13:41:49', 45000000.0000, 1, 7.27, 2021, 7, 2022, '2021-12-06 13:41:49', False, NULL, '2021-12-06 13:41:49', NULL, '2021-12-06 13:41:49'),
('1f88699a-3e19-718a-d81d-086412a8ea97', 'TS00771', 'Laptop HP Omen 15', '4e272fc4-7875-78d6-7d32-6a1673ffca7c', NULL, NULL, '78aafe4a-67a7-2076-3bf3-eb0223d0a4f7', NULL, NULL, '2021-12-06 13:41:49', 60000000.0000, 6, 5.16, 2020, 6, 2022, '2021-12-06 13:41:49', True, NULL, '2021-12-06 13:41:49', NULL, '2021-12-06 13:41:49'),
('1fbf8e6f-17d3-6a04-2180-de64d090a2c2', 'TS00283', 'Laptop Dell Latitudes', '11452b0c-768e-5ff7-0d63-eeb1d8ed8cef', NULL, NULL, '78aafe4a-67a7-2076-3bf3-eb0223d0a4f7', NULL, NULL, '2021-12-06 13:41:49', 75000000.0000, 3, 9.57, 2020, 9, 2022, '2021-12-06 13:41:49', False, NULL, '2021-12-06 13:41:49', NULL, '2021-12-06 13:41:49'),
('1fecd07f-2488-638c-8141-c1ec321fe728', 'TS00267', 'Laptop Gigabyte Gaming Aorus 15P', '469b3ece-744a-45d5-957d-e8c757976496', NULL, NULL, '78aafe4a-67a7-2076-3bf3-eb0223d0a4f7', NULL, NULL, '2021-12-06 13:41:49', 65000000.0000, 8, 6.96, 2022, 6, 2022, '2021-12-06 13:41:49', False, NULL, '2021-12-06 13:41:49', NULL, '2021-12-06 13:41:49'),
('201b9639-5997-303c-5880-7ed9d1ea06ea', 'TS00211', 'Laptop Gigabyte Gaming Aorus 15P', '142cb08f-7c31-21fa-8e90-67245e8b283e', NULL, NULL, '78aafe4a-67a7-2076-3bf3-eb0223d0a4f7', NULL, NULL, '2021-12-06 13:41:49', 50000000.0000, 7, 5.62, 2022, 7, 2022, '2021-12-06 13:41:49', False, NULL, '2021-12-06 13:41:49', NULL, '2021-12-06 13:41:49'),
('2107e2a5-49f8-237b-5780-7ed9d1ea06ea', 'TS00626', 'Laptop Dell Alienware m15', '142cb08f-7c31-21fa-8e90-67245e8b283e', NULL, NULL, '78aafe4a-67a7-2076-3bf3-eb0223d0a4f7', NULL, NULL, '2021-12-06 13:41:49', 65000000.0000, 3, 7.5, 2022, 10, 2022, '2021-12-06 13:41:49', True, NULL, '2021-12-06 13:41:49', NULL, '2021-12-06 13:41:49'),
('2111e63d-50f8-6b2b-6980-7ed9d1ea06ea', 'TS00574', 'Laptop Acer Predator Triton 300', '11452b0c-768e-5ff7-0d63-eeb1d8ed8cef', NULL, NULL, '78aafe4a-67a7-2076-3bf3-eb0223d0a4f7', NULL, NULL, '2021-12-06 13:41:49', 45000000.0000, 2, 5.17, 2020, 6, 2022, '2021-12-06 13:41:49', True, NULL, '2021-12-06 13:41:49', NULL, '2021-12-06 13:41:49'),
('212a5f62-4eb8-203c-4035-0028ed526dd0', 'TS00213', 'Laptop Dell Alienware m15', '469b3ece-744a-45d5-957d-e8c757976496', NULL, NULL, '78aafe4a-67a7-2076-3bf3-eb0223d0a4f7', NULL, NULL, '2021-12-06 13:41:49', 65000000.0000, 7, 8.01, 2020, 5, 2022, '2021-12-06 13:41:49', False, NULL, '2021-12-06 13:41:49', NULL, '2021-12-06 13:41:49'),
('214977d8-66ff-5762-1335-60b3ebf808a9', 'TS00410', 'Laptop ASUS Gaming ROG Zephyrus DUO', '17120d02-6ab5-3e43-18cb-66948daf6128', NULL, NULL, '78aafe4a-67a7-2076-3bf3-eb0223d0a4f7', NULL, NULL, '2021-12-06 13:41:49', 70000000.0000, 2, 9.02, 2022, 6, 2022, '2021-12-06 13:41:49', True, NULL, '2021-12-06 13:41:49', NULL, '2021-12-06 13:41:49'),
('21ae5078-5e68-3790-6af6-423b4e874d0f', 'TS00369', 'Laptop Gaming VGS Imperium', '17120d02-6ab5-3e43-18cb-66948daf6128', NULL, NULL, '78aafe4a-67a7-2076-3bf3-eb0223d0a4f7', NULL, NULL, '2021-12-06 13:41:49', 75000000.0000, 1, 7.43, 2022, 10, 2022, '2021-12-06 13:41:49', False, NULL, '2021-12-06 13:41:49', NULL, '2021-12-06 13:41:49'),
('22732821-2015-1da3-4335-0028ed526dd0', 'TS00498', 'Laptop ASUS Gaming TUF', '469b3ece-744a-45d5-957d-e8c757976496', NULL, NULL, '78aafe4a-67a7-2076-3bf3-eb0223d0a4f7', NULL, NULL, '2021-12-06 13:41:49', 40000000.0000, 9, 8.59, 2022, 7, 2022, '2021-12-06 13:41:49', False, NULL, '2021-12-06 13:41:49', NULL, '2021-12-06 13:41:49'),
('22bba567-6206-6bf1-0c35-60b3ebf808a9', 'TS00336', 'Laptop HP Probook 450 G8', '469b3ece-744a-45d5-957d-e8c757976496', NULL, NULL, '78aafe4a-67a7-2076-3bf3-eb0223d0a4f7', NULL, NULL, '2021-12-06 13:41:49', 75000000.0000, 1, 9.44, 2022, 9, 2022, '2021-12-06 13:41:49', True, NULL, '2021-12-06 13:41:49', NULL, '2021-12-06 13:41:49'),
('22cb30ef-3311-51f7-e21d-086412a8ea97', 'TS00620', 'Apple Macbook M1 Pro 16"', '142cb08f-7c31-21fa-8e90-67245e8b283e', NULL, NULL, '78aafe4a-67a7-2076-3bf3-eb0223d0a4f7', NULL, NULL, '2021-12-06 13:41:49', 65000000.0000, 2, 8.76, 2022, 9, 2022, '2021-12-06 13:41:49', True, NULL, '2021-12-06 13:41:49', NULL, '2021-12-06 13:41:49'),
('22df58b0-55d2-6108-2480-de64d090a2c2', 'TS00662', 'Apple Macbook M1 Pro 16"', '142cb08f-7c31-21fa-8e90-67245e8b283e', NULL, NULL, '78aafe4a-67a7-2076-3bf3-eb0223d0a4f7', NULL, NULL, '2021-12-06 13:41:49', 60000000.0000, 9, 9.4, 2022, 7, 2022, '2021-12-06 13:41:49', True, NULL, '2021-12-06 13:41:49', NULL, '2021-12-06 13:41:49'),
('22f0091b-523a-6c8e-4c35-0028ed526dd0', 'TS00449', 'Laptop HP Probook 450 G8', '4e272fc4-7875-78d6-7d32-6a1673ffca7c', NULL, NULL, '78aafe4a-67a7-2076-3bf3-eb0223d0a4f7', NULL, NULL, '2021-12-06 13:41:49', 60000000.0000, 2, 5.87, 2022, 7, 2022, '2021-12-06 13:41:49', False, NULL, '2021-12-06 13:41:49', NULL, '2021-12-06 13:41:49'),
('231ea7f8-1468-6e29-5235-0028ed526dd0', 'TS00497', 'Laptop Gaming VGS Imperium', '11452b0c-768e-5ff7-0d63-eeb1d8ed8cef', NULL, NULL, '78aafe4a-67a7-2076-3bf3-eb0223d0a4f7', NULL, NULL, '2021-12-06 13:41:49', 80000000.0000, 4, 7.52, 2021, 9, 2022, '2021-12-06 13:41:49', False, NULL, '2021-12-06 13:41:49', NULL, '2021-12-06 13:41:49'),
('233d36ab-4bd0-431e-78f6-423b4e874d0f', 'TS00004', 'Laptop Gigabyte Gaming Aorus 15P', '4e272fc4-7875-78d6-7d32-6a1673ffca7c', NULL, NULL, '78aafe4a-67a7-2076-3bf3-eb0223d0a4f7', NULL, NULL, '2021-12-06 13:41:49', 75000000.0000, 2, 8.03, 2020, 9, 2022, '2021-12-06 13:41:49', True, NULL, '2021-12-06 13:41:49', NULL, '2021-12-06 13:41:49'),
('234865cb-5d80-7244-70f6-423b4e874d0f', 'TS00088', 'Apple Macbook Pro 2019 16"', '469b3ece-744a-45d5-957d-e8c757976496', NULL, NULL, '78aafe4a-67a7-2076-3bf3-eb0223d0a4f7', NULL, NULL, '2021-12-06 13:41:49', 70000000.0000, 8, 7.93, 2022, 6, 2022, '2021-12-06 13:41:49', False, NULL, '2021-12-06 13:41:49', NULL, '2021-12-06 13:41:49'),
('2356a2d8-7751-6f97-66f6-423b4e874d0f', 'TS00215', 'Laptop Dell Latitudes', '142cb08f-7c31-21fa-8e90-67245e8b283e', NULL, NULL, '78aafe4a-67a7-2076-3bf3-eb0223d0a4f7', NULL, NULL, '2021-12-06 13:41:49', 80000000.0000, 10, 8.29, 2021, 10, 2022, '2021-12-06 13:41:49', False, NULL, '2021-12-06 13:41:49', NULL, '2021-12-06 13:41:49'),
('237092c3-5684-7bb6-0a35-60b3ebf808a9', 'TS00291', 'Laptop Dell Alienware m15', '4e272fc4-7875-78d6-7d32-6a1673ffca7c', NULL, NULL, '78aafe4a-67a7-2076-3bf3-eb0223d0a4f7', NULL, NULL, '2021-12-06 13:41:49', 40000000.0000, 9, 7.24, 2020, 7, 2022, '2021-12-06 13:41:49', True, NULL, '2021-12-06 13:41:49', NULL, '2021-12-06 13:41:49'),
('244b1b16-56fc-1f92-73f6-423b4e874d0f', 'TS00717', 'Laptop Gaming VGS Imperium', '142cb08f-7c31-21fa-8e90-67245e8b283e', NULL, NULL, '78aafe4a-67a7-2076-3bf3-eb0223d0a4f7', NULL, NULL, '2021-12-06 13:41:49', 40000000.0000, 7, 5.85, 2020, 9, 2022, '2021-12-06 13:41:49', True, NULL, '2021-12-06 13:41:49', NULL, '2021-12-06 13:41:49'),
('255b28ba-2177-6baf-0835-60b3ebf808a9', 'TS00298', 'Laptop Dell Inspiron 5406', '11452b0c-768e-5ff7-0d63-eeb1d8ed8cef', NULL, NULL, '78aafe4a-67a7-2076-3bf3-eb0223d0a4f7', NULL, NULL, '2021-12-06 13:41:49', 75000000.0000, 4, 7.63, 2021, 8, 2022, '2021-12-06 13:41:49', True, NULL, '2021-12-06 13:41:49', NULL, '2021-12-06 13:41:49'),
('256c7bfd-6225-4caa-3077-d9ebc53aac3d', 'TS00189', 'Apple Macbook Pro 2019 16"', '469b3ece-744a-45d5-957d-e8c757976496', NULL, NULL, '78aafe4a-67a7-2076-3bf3-eb0223d0a4f7', NULL, NULL, '2021-12-06 13:41:49', 40000000.0000, 1, 6.89, 2021, 7, 2022, '2021-12-06 13:41:49', True, NULL, '2021-12-06 13:41:49', NULL, '2021-12-06 13:41:49'),
('257f267d-1259-4c3b-2e80-de64d090a2c2', 'TS00939', 'Laptop Acer Predator Triton 300', '142cb08f-7c31-21fa-8e90-67245e8b283e', NULL, NULL, '78aafe4a-67a7-2076-3bf3-eb0223d0a4f7', NULL, NULL, '2021-12-06 13:41:49', 80000000.0000, 10, 7.48, 2021, 8, 2022, '2021-12-06 13:41:49', True, NULL, '2021-12-06 13:41:49', NULL, '2021-12-06 13:41:49'),
('26942456-25a8-5ec2-8b41-c1ec321fe728', 'TS00749', 'Laptop HP Probook 450 G8', '11452b0c-768e-5ff7-0d63-eeb1d8ed8cef', NULL, NULL, '78aafe4a-67a7-2076-3bf3-eb0223d0a4f7', NULL, NULL, '2021-12-06 13:41:49', 80000000.0000, 4, 6.32, 2020, 10, 2022, '2021-12-06 13:41:49', False, NULL, '2021-12-06 13:41:49', NULL, '2021-12-06 13:41:49'),
('27318165-703a-31a0-3277-d9ebc53aac3d', 'TS00120', 'Laptop Dell Inspiron 5406', '17120d02-6ab5-3e43-18cb-66948daf6128', NULL, NULL, '78aafe4a-67a7-2076-3bf3-eb0223d0a4f7', NULL, NULL, '2021-12-06 13:41:49', 40000000.0000, 8, 8.06, 2021, 6, 2022, '2021-12-06 13:41:49', False, NULL, '2021-12-06 13:41:49', NULL, '2021-12-06 13:41:49'),
('27e60da2-385e-6804-8441-c1ec321fe728', 'TS00665', 'Laptop Acer Predator Triton 300', '11452b0c-768e-5ff7-0d63-eeb1d8ed8cef', NULL, NULL, '78aafe4a-67a7-2076-3bf3-eb0223d0a4f7', NULL, NULL, '2021-12-06 13:41:49', 80000000.0000, 7, 7, 2020, 5, 2022, '2021-12-06 13:41:49', True, NULL, '2021-12-06 13:41:49', NULL, '2021-12-06 13:41:49'),
('281af570-5697-2b8d-6b80-7ed9d1ea06ea', 'TS00005', 'Microsoft Surface Laptop 4', '469b3ece-744a-45d5-957d-e8c757976496', NULL, NULL, '78aafe4a-67a7-2076-3bf3-eb0223d0a4f7', NULL, NULL, '2021-12-06 13:41:49', 60000000.0000, 1, 9.43, 2021, 9, 2022, '2021-12-06 13:41:49', False, NULL, '2021-12-06 13:41:49', NULL, '2021-12-06 13:41:49'),
('285d6b44-3b0c-4697-e01d-086412a8ea97', 'TS00555', 'Microsoft Surface Laptop 4', '11452b0c-768e-5ff7-0d63-eeb1d8ed8cef', NULL, NULL, '78aafe4a-67a7-2076-3bf3-eb0223d0a4f7', NULL, NULL, '2021-12-06 13:41:49', 60000000.0000, 8, 5.28, 2021, 6, 2022, '2021-12-06 13:41:49', False, NULL, '2021-12-06 13:41:49', NULL, '2021-12-06 13:41:49'),
('28692b18-2ec1-574b-6780-7ed9d1ea06ea', 'TS00601', 'Laptop Gigabyte Gaming Aorus 15P', '4e272fc4-7875-78d6-7d32-6a1673ffca7c', NULL, NULL, '78aafe4a-67a7-2076-3bf3-eb0223d0a4f7', NULL, NULL, '2021-12-06 13:41:49', 60000000.0000, 9, 9.23, 2020, 8, 2022, '2021-12-06 13:41:49', False, NULL, '2021-12-06 13:41:49', NULL, '2021-12-06 13:41:49'),
('2872c174-68d3-29c1-4935-0028ed526dd0', 'TS00936', 'Apple Macbook Pro 2019 16"', '142cb08f-7c31-21fa-8e90-67245e8b283e', NULL, NULL, '78aafe4a-67a7-2076-3bf3-eb0223d0a4f7', NULL, NULL, '2021-12-06 13:41:49', 70000000.0000, 2, 8.01, 2020, 7, 2022, '2021-12-06 13:41:49', False, NULL, '2021-12-06 13:41:49', NULL, '2021-12-06 13:41:49'),
('28a16581-1fd1-546b-1677-d9ebc53aac3d', 'TS00678', 'Laptop Acer Predator Triton 300', '17120d02-6ab5-3e43-18cb-66948daf6128', NULL, NULL, '78aafe4a-67a7-2076-3bf3-eb0223d0a4f7', NULL, NULL, '2021-12-06 13:41:49', 75000000.0000, 10, 7.59, 2021, 6, 2022, '2021-12-06 13:41:49', True, NULL, '2021-12-06 13:41:49', NULL, '2021-12-06 13:41:49'),
('28cd1599-63bf-785f-4f80-7ed9d1ea06ea', 'TS00252', 'Microsoft Surface Pro X1', '4e272fc4-7875-78d6-7d32-6a1673ffca7c', NULL, NULL, '78aafe4a-67a7-2076-3bf3-eb0223d0a4f7', NULL, NULL, '2021-12-06 13:41:49', 70000000.0000, 7, 8.97, 2021, 5, 2022, '2021-12-06 13:41:49', False, NULL, '2021-12-06 13:41:49', NULL, '2021-12-06 13:41:49'),
('29dcec4b-6bba-5878-1735-60b3ebf808a9', 'TS00911', 'Laptop MSI P75 Creator 9SF', '17120d02-6ab5-3e43-18cb-66948daf6128', NULL, NULL, '78aafe4a-67a7-2076-3bf3-eb0223d0a4f7', NULL, NULL, '2021-12-06 13:41:49', 60000000.0000, 1, 8.67, 2020, 9, 2022, '2021-12-06 13:41:49', False, NULL, '2021-12-06 13:41:49', NULL, '2021-12-06 13:41:49'),
('2afb2146-430d-394b-3d35-0028ed526dd0', 'TS00564', 'Laptop ASUS Gaming TUF', '142cb08f-7c31-21fa-8e90-67245e8b283e', NULL, NULL, '78aafe4a-67a7-2076-3bf3-eb0223d0a4f7', NULL, NULL, '2021-12-06 13:41:49', 50000000.0000, 2, 9.35, 2020, 8, 2022, '2021-12-06 13:41:49', False, NULL, '2021-12-06 13:41:49', NULL, '2021-12-06 13:41:49'),
('2bd27090-2727-2b8e-2f80-de64d090a2c2', 'TS00469', 'Apple Macbook Air M1 13"', '4e272fc4-7875-78d6-7d32-6a1673ffca7c', NULL, NULL, '78aafe4a-67a7-2076-3bf3-eb0223d0a4f7', NULL, NULL, '2021-12-06 13:41:49', 75000000.0000, 3, 7.09, 2020, 8, 2022, '2021-12-06 13:41:49', True, NULL, '2021-12-06 13:41:49', NULL, '2021-12-06 13:41:49'),
('2bd927cf-7faf-452e-4535-0028ed526dd0', 'TS00331', 'Laptop ASUS Gaming ROG Zephyrus S17', '142cb08f-7c31-21fa-8e90-67245e8b283e', NULL, NULL, '78aafe4a-67a7-2076-3bf3-eb0223d0a4f7', NULL, NULL, '2021-12-06 13:41:49', 40000000.0000, 2, 5.06, 2021, 9, 2022, '2021-12-06 13:41:49', True, NULL, '2021-12-06 13:41:49', NULL, '2021-12-06 13:41:49'),
('2c06d3cb-7ef7-4462-5e80-7ed9d1ea06ea', 'TS00511', 'Microsoft Surface Pro X1', '469b3ece-744a-45d5-957d-e8c757976496', NULL, NULL, '78aafe4a-67a7-2076-3bf3-eb0223d0a4f7', NULL, NULL, '2021-12-06 13:41:49', 65000000.0000, 7, 7.15, 2020, 6, 2022, '2021-12-06 13:41:49', False, NULL, '2021-12-06 13:41:49', NULL, '2021-12-06 13:41:49'),
('2c14d4bf-4fdf-22d0-cbd2-89b22d10517e', 'TS00199', 'Laptop Lenovo Yoga S17', '4e272fc4-7875-78d6-7d32-6a1673ffca7c', NULL, NULL, '78aafe4a-67a7-2076-3bf3-eb0223d0a4f7', NULL, NULL, '2021-12-06 13:41:49', 80000000.0000, 10, 7.65, 2020, 10, 2022, '2021-12-06 13:41:49', True, NULL, '2021-12-06 13:41:49', NULL, '2021-12-06 13:41:49'),
('2c380a42-1611-28c2-3ac2-579daad24557', 'TS00461', 'Laptop Lenovo Legion 7', '4e272fc4-7875-78d6-7d32-6a1673ffca7c', NULL, NULL, '78aafe4a-67a7-2076-3bf3-eb0223d0a4f7', NULL, NULL, '2021-12-06 13:41:49', 75000000.0000, 10, 7.14, 2021, 6, 2022, '2021-12-06 13:41:49', True, NULL, '2021-12-06 13:41:49', NULL, '2021-12-06 13:41:49'),
('2d3ae261-2b44-7713-41c2-579daad24557', 'TS00630', 'Microsoft Surface Book 3', '4e272fc4-7875-78d6-7d32-6a1673ffca7c', NULL, NULL, '78aafe4a-67a7-2076-3bf3-eb0223d0a4f7', NULL, NULL, '2021-12-06 13:41:49', 55000000.0000, 5, 6.46, 2020, 7, 2022, '2021-12-06 13:41:49', True, NULL, '2021-12-06 13:41:49', NULL, '2021-12-06 13:41:49'),
('2dd6b3a0-2350-1230-1835-60b3ebf808a9', 'TS00868', 'Microsoft Surface Pro X1', '17120d02-6ab5-3e43-18cb-66948daf6128', NULL, NULL, '78aafe4a-67a7-2076-3bf3-eb0223d0a4f7', NULL, NULL, '2021-12-06 13:41:49', 55000000.0000, 2, 7.51, 2022, 5, 2022, '2021-12-06 13:41:49', True, NULL, '2021-12-06 13:41:49', NULL, '2021-12-06 13:41:49'),
('2ee950fb-4256-49aa-e41d-086412a8ea97', 'TS00722', 'Apple Macbook Pro 2019 16"', '4e272fc4-7875-78d6-7d32-6a1673ffca7c', NULL, NULL, '78aafe4a-67a7-2076-3bf3-eb0223d0a4f7', NULL, NULL, '2021-12-06 13:41:49', 80000000.0000, 2, 7.13, 2022, 10, 2022, '2021-12-06 13:41:49', True, NULL, '2021-12-06 13:41:49', NULL, '2021-12-06 13:41:49'),
('2efc0ff3-37c0-286f-bbd2-89b22d10517e', 'TS00227', 'Microsoft Surface Laptop 4', '17120d02-6ab5-3e43-18cb-66948daf6128', NULL, NULL, '78aafe4a-67a7-2076-3bf3-eb0223d0a4f7', NULL, NULL, '2021-12-06 13:41:49', 60000000.0000, 9, 6.45, 2022, 5, 2022, '2021-12-06 13:41:49', True, NULL, '2021-12-06 13:41:49', NULL, '2021-12-06 13:41:49'),
('2f25e35e-15fb-71e4-4e35-0028ed526dd0', 'TS00842', 'Laptop Dell Inspiron 5406', '469b3ece-744a-45d5-957d-e8c757976496', NULL, NULL, '78aafe4a-67a7-2076-3bf3-eb0223d0a4f7', NULL, NULL, '2021-12-06 13:41:49', 50000000.0000, 5, 9.09, 2022, 7, 2022, '2021-12-06 13:41:49', True, NULL, '2021-12-06 13:41:49', NULL, '2021-12-06 13:41:49'),
('2f43fc9d-1f7a-25fc-5280-7ed9d1ea06ea', 'TS00030', 'Laptop Workstation Dell Precision 7720', '4e272fc4-7875-78d6-7d32-6a1673ffca7c', NULL, NULL, '78aafe4a-67a7-2076-3bf3-eb0223d0a4f7', NULL, NULL, '2021-12-06 13:41:49', 70000000.0000, 6, 9.4, 2022, 6, 2022, '2021-12-06 13:41:49', True, NULL, '2021-12-06 13:41:49', NULL, '2021-12-06 13:41:49'),
('2f4cc91d-6f13-4b4c-1c80-de64d090a2c2', 'TS00928', 'Laptop Dell Inspiron 5406', '11452b0c-768e-5ff7-0d63-eeb1d8ed8cef', NULL, NULL, '78aafe4a-67a7-2076-3bf3-eb0223d0a4f7', NULL, NULL, '2021-12-06 13:41:49', 50000000.0000, 2, 7.87, 2021, 10, 2022, '2021-12-06 13:41:49', False, NULL, '2021-12-06 13:41:49', NULL, '2021-12-06 13:41:49'),
('2fde0921-432c-64c5-0935-60b3ebf808a9', 'TS00604', 'Laptop Lenovo Thinkpad X1 Fold Gen 1', '17120d02-6ab5-3e43-18cb-66948daf6128', NULL, NULL, '78aafe4a-67a7-2076-3bf3-eb0223d0a4f7', NULL, NULL, '2021-12-06 13:41:49', 55000000.0000, 4, 5.74, 2022, 5, 2022, '2021-12-06 13:41:49', False, NULL, '2021-12-06 13:41:49', NULL, '2021-12-06 13:41:49'),
('3017e692-73fb-6331-6a80-7ed9d1ea06ea', 'TS00658', 'Laptop Dell Alienware m15', '142cb08f-7c31-21fa-8e90-67245e8b283e', NULL, NULL, '78aafe4a-67a7-2076-3bf3-eb0223d0a4f7', NULL, NULL, '2021-12-06 13:41:49', 55000000.0000, 8, 7.99, 2020, 5, 2022, '2021-12-06 13:41:49', True, NULL, '2021-12-06 13:41:49', NULL, '2021-12-06 13:41:49'),
('309c7faa-568d-11ec-8a45-00163e047e89', 'TS00478', 'Laptop Lenovo Legion 7', '4e272fc4-7875-78d6-7d32-6a1673ffca7c', NULL, NULL, '78aafe4a-67a7-2076-3bf3-eb0223d0a4f7', NULL, NULL, '2021-12-06 13:41:49', 60000000.0000, 2, 8.88, 2021, 8, 2022, '2021-12-06 13:41:49', True, 'Đỗ Mạnh Hà', '2021-12-06 20:08:14', NULL, '2021-12-06 20:08:14'),
('31629133-61f6-7765-1535-60b3ebf808a9', 'TS00995', 'Microsoft Surface Pro 7 Plus\r\n\r\n', '11452b0c-768e-5ff7-0d63-eeb1d8ed8cef', NULL, NULL, '78aafe4a-67a7-2076-3bf3-eb0223d0a4f7', NULL, NULL, '2021-12-06 13:41:49', 60000000.0000, 2, 5.6, 2020, 6, 2022, '2021-12-06 13:41:49', False, NULL, '2021-12-06 13:41:49', NULL, '2021-12-06 13:41:49'),
('31ae1818-7baf-1872-1e77-d9ebc53aac3d', 'TS00659', 'Laptop ASUS Gaming ROG Zephyrus DUO', '11452b0c-768e-5ff7-0d63-eeb1d8ed8cef', NULL, NULL, '78aafe4a-67a7-2076-3bf3-eb0223d0a4f7', NULL, NULL, '2021-12-06 13:41:49', 50000000.0000, 9, 5.27, 2022, 5, 2022, '2021-12-06 13:41:49', False, NULL, '2021-12-06 13:41:49', NULL, '2021-12-06 13:41:49'),
('322105dd-142f-392d-2fc2-579daad24557', 'TS00700', 'Apple Macbook Air M1 13"', '17120d02-6ab5-3e43-18cb-66948daf6128', NULL, NULL, '78aafe4a-67a7-2076-3bf3-eb0223d0a4f7', NULL, NULL, '2021-12-06 13:41:49', 45000000.0000, 3, 5.11, 2020, 5, 2022, '2021-12-06 13:41:49', True, NULL, '2021-12-06 13:41:49', NULL, '2021-12-06 13:41:49'),
('324ac33a-77c5-13a5-0535-60b3ebf808a9', 'TS00154', 'Laptop Gaming VGS Imperium', '142cb08f-7c31-21fa-8e90-67245e8b283e', NULL, NULL, '78aafe4a-67a7-2076-3bf3-eb0223d0a4f7', NULL, NULL, '2021-12-06 13:41:49', 80000000.0000, 7, 7.32, 2022, 5, 2022, '2021-12-06 13:41:49', False, NULL, '2021-12-06 13:41:49', NULL, '2021-12-06 13:41:49'),
('329b5332-34e3-1ae4-6ef6-423b4e874d0f', 'TS00750', 'Laptop HP Omen 15', '17120d02-6ab5-3e43-18cb-66948daf6128', NULL, NULL, '78aafe4a-67a7-2076-3bf3-eb0223d0a4f7', NULL, NULL, '2021-12-06 13:41:49', 45000000.0000, 7, 9.3, 2020, 9, 2022, '2021-12-06 13:41:49', False, NULL, '2021-12-06 13:41:49', NULL, '2021-12-06 13:41:49'),
('32d33559-61a5-4afd-d91d-086412a8ea97', 'TS00968', 'Laptop HP Probook 450 G8', '469b3ece-744a-45d5-957d-e8c757976496', NULL, NULL, '78aafe4a-67a7-2076-3bf3-eb0223d0a4f7', NULL, NULL, '2021-12-06 13:41:49', 55000000.0000, 9, 8.88, 2021, 7, 2022, '2021-12-06 13:41:49', True, NULL, '2021-12-06 13:41:49', NULL, '2021-12-06 13:41:49'),
('32e3be81-3548-6f8f-6380-7ed9d1ea06ea', 'TS00052', 'Laptop Dell Inspiron 5406', '4e272fc4-7875-78d6-7d32-6a1673ffca7c', NULL, NULL, '78aafe4a-67a7-2076-3bf3-eb0223d0a4f7', NULL, NULL, '2021-12-06 13:41:49', 75000000.0000, 1, 7.73, 2022, 5, 2022, '2021-12-06 13:41:49', True, NULL, '2021-12-06 13:41:49', NULL, '2021-12-06 13:41:49'),
('3304dddb-1b72-607f-25c2-579daad24557', 'TS00656', 'Apple Macbook Pro 2019 16"', '17120d02-6ab5-3e43-18cb-66948daf6128', NULL, NULL, '78aafe4a-67a7-2076-3bf3-eb0223d0a4f7', NULL, NULL, '2021-12-06 13:41:49', 40000000.0000, 2, 6.51, 2020, 6, 2022, '2021-12-06 13:41:49', True, NULL, '2021-12-06 13:41:49', NULL, '2021-12-06 13:41:49'),
('33589ecb-33ac-28c7-9241-c1ec321fe728', 'TS00109', 'Microsoft Surface Book 3', '142cb08f-7c31-21fa-8e90-67245e8b283e', NULL, NULL, '78aafe4a-67a7-2076-3bf3-eb0223d0a4f7', NULL, NULL, '2021-12-06 13:41:49', 75000000.0000, 6, 8.68, 2021, 6, 2022, '2021-12-06 13:41:49', True, NULL, '2021-12-06 13:41:49', NULL, '2021-12-06 13:41:49'),
('337faf61-662b-461a-69f6-423b4e874d0f', 'TS00254', 'Laptop ASUS Gaming ROG Zephyrus S17', '11452b0c-768e-5ff7-0d63-eeb1d8ed8cef', NULL, NULL, '78aafe4a-67a7-2076-3bf3-eb0223d0a4f7', NULL, NULL, '2021-12-06 13:41:49', 70000000.0000, 5, 7.53, 2020, 5, 2022, '2021-12-06 13:41:49', True, NULL, '2021-12-06 13:41:49', NULL, '2021-12-06 13:41:49'),
('33ec4fea-4c03-3191-3ec2-579daad24557', 'TS00077', 'Apple Macbook M1 Pro 16"', '469b3ece-744a-45d5-957d-e8c757976496', NULL, NULL, '78aafe4a-67a7-2076-3bf3-eb0223d0a4f7', NULL, NULL, '2021-12-06 13:41:49', 40000000.0000, 6, 9.39, 2021, 9, 2022, '2021-12-06 13:41:49', True, NULL, '2021-12-06 13:41:49', NULL, '2021-12-06 13:41:49'),
('34d0e3b5-6d5f-1fd7-0635-60b3ebf808a9', 'TS00866', 'Microsoft Surface Pro X SQ1', '469b3ece-744a-45d5-957d-e8c757976496', NULL, NULL, '78aafe4a-67a7-2076-3bf3-eb0223d0a4f7', NULL, NULL, '2021-12-06 13:41:49', 70000000.0000, 1, 6.72, 2022, 5, 2022, '2021-12-06 13:41:49', False, NULL, '2021-12-06 13:41:49', NULL, '2021-12-06 13:41:49'),
('34e55501-2213-19af-6d80-7ed9d1ea06ea', 'TS00738', 'Apple Macbook M1 Pro 16"', '17120d02-6ab5-3e43-18cb-66948daf6128', NULL, NULL, '78aafe4a-67a7-2076-3bf3-eb0223d0a4f7', NULL, NULL, '2021-12-06 13:41:49', 55000000.0000, 4, 7.9, 2020, 5, 2022, '2021-12-06 13:41:49', False, NULL, '2021-12-06 13:41:49', NULL, '2021-12-06 13:41:49'),
('350cf027-3245-532d-bcd2-89b22d10517e', 'TS00309', 'Microsoft Surface Book 3', '11452b0c-768e-5ff7-0d63-eeb1d8ed8cef', NULL, NULL, '78aafe4a-67a7-2076-3bf3-eb0223d0a4f7', NULL, NULL, '2021-12-06 13:41:49', 45000000.0000, 10, 8.73, 2022, 8, 2022, '2021-12-06 13:41:49', True, NULL, '2021-12-06 13:41:49', NULL, '2021-12-06 13:41:49'),
('3512583a-64ab-33c0-6c80-7ed9d1ea06ea', 'TS00826', 'Laptop MSI P75 Creator 9SF', '17120d02-6ab5-3e43-18cb-66948daf6128', NULL, NULL, '78aafe4a-67a7-2076-3bf3-eb0223d0a4f7', NULL, NULL, '2021-12-06 13:41:49', 50000000.0000, 5, 8.01, 2021, 9, 2022, '2021-12-06 13:41:49', True, NULL, '2021-12-06 13:41:49', NULL, '2021-12-06 13:41:49'),
('3582e86f-1b41-6262-7ef6-423b4e874d0f', 'TS00479', 'Laptop HP Probook 450 G8', '11452b0c-768e-5ff7-0d63-eeb1d8ed8cef', NULL, NULL, '78aafe4a-67a7-2076-3bf3-eb0223d0a4f7', NULL, NULL, '2021-12-06 13:41:49', 80000000.0000, 3, 7.8, 2021, 5, 2022, '2021-12-06 13:41:49', True, NULL, '2021-12-06 13:41:49', NULL, '2021-12-06 13:41:49'),
('35c3a053-254d-33f3-1b80-de64d090a2c2', 'TS00202', 'Microsoft Surface Pro 7 Plus\r\n\r\n', '142cb08f-7c31-21fa-8e90-67245e8b283e', NULL, NULL, '78aafe4a-67a7-2076-3bf3-eb0223d0a4f7', NULL, NULL, '2021-12-06 13:41:49', 80000000.0000, 5, 7.61, 2020, 5, 2022, '2021-12-06 13:41:49', True, NULL, '2021-12-06 13:41:49', NULL, '2021-12-06 13:41:49'),
('35ec2e7b-17b3-1b63-6080-7ed9d1ea06ea', 'TS00618', 'Laptop ASUS Gaming ROG Zephyrus S17', '17120d02-6ab5-3e43-18cb-66948daf6128', NULL, NULL, '78aafe4a-67a7-2076-3bf3-eb0223d0a4f7', NULL, NULL, '2021-12-06 13:41:49', 70000000.0000, 7, 7.01, 2021, 5, 2022, '2021-12-06 13:41:49', False, NULL, '2021-12-06 13:41:49', NULL, '2021-12-06 13:41:49'),
('360bd1e4-7bbf-3971-d41d-086412a8ea97', 'TS00804', 'Apple Macbook M1 Pro 16"', '142cb08f-7c31-21fa-8e90-67245e8b283e', NULL, NULL, '78aafe4a-67a7-2076-3bf3-eb0223d0a4f7', NULL, NULL, '2021-12-06 13:41:49', 40000000.0000, 6, 5.9, 2021, 6, 2022, '2021-12-06 13:41:49', False, NULL, '2021-12-06 13:41:49', NULL, '2021-12-06 13:41:49'),
('363b67cb-40ae-552d-2b77-d9ebc53aac3d', 'TS00039', 'Laptop Dell Latitudes', '4e272fc4-7875-78d6-7d32-6a1673ffca7c', NULL, NULL, '78aafe4a-67a7-2076-3bf3-eb0223d0a4f7', NULL, NULL, '2021-12-06 13:41:49', 75000000.0000, 1, 5.96, 2021, 8, 2022, '2021-12-06 13:41:49', True, NULL, '2021-12-06 13:41:49', NULL, '2021-12-06 13:41:49'),
('36ac2df8-2b1e-368f-cc1d-086412a8ea97', 'TS00387', 'Laptop Lenovo Thinkpad X1 Fold Gen 1', '11452b0c-768e-5ff7-0d63-eeb1d8ed8cef', NULL, NULL, '78aafe4a-67a7-2076-3bf3-eb0223d0a4f7', NULL, NULL, '2021-12-06 13:41:49', 40000000.0000, 8, 5.7, 2022, 6, 2022, '2021-12-06 13:41:49', False, NULL, '2021-12-06 13:41:49', NULL, '2021-12-06 13:41:49'),
('3738ce93-1661-5628-2cc2-579daad24557', 'TS00623', 'Laptop ASUS Gaming ROG Zephyrus S17', '469b3ece-744a-45d5-957d-e8c757976496', NULL, NULL, '78aafe4a-67a7-2076-3bf3-eb0223d0a4f7', NULL, NULL, '2021-12-06 13:41:49', 60000000.0000, 9, 6.38, 2020, 5, 2022, '2021-12-06 13:41:49', False, NULL, '2021-12-06 13:41:49', NULL, '2021-12-06 13:41:49'),
('373aae71-7e6b-6eff-c6d2-89b22d10517e', 'TS00779', 'Laptop Gaming VGS Imperium', '17120d02-6ab5-3e43-18cb-66948daf6128', NULL, NULL, '78aafe4a-67a7-2076-3bf3-eb0223d0a4f7', NULL, NULL, '2021-12-06 13:41:49', 45000000.0000, 2, 5.43, 2020, 6, 2022, '2021-12-06 13:41:49', True, NULL, '2021-12-06 13:41:49', NULL, '2021-12-06 13:41:49'),
('38085202-6473-26a9-7bf6-423b4e874d0f', 'TS00113', 'Laptop Lenovo Thinkpad X1 Fold Gen 1', '469b3ece-744a-45d5-957d-e8c757976496', NULL, NULL, '78aafe4a-67a7-2076-3bf3-eb0223d0a4f7', NULL, NULL, '2021-12-06 13:41:49', 75000000.0000, 10, 9.34, 2021, 6, 2022, '2021-12-06 13:41:49', False, NULL, '2021-12-06 13:41:49', NULL, '2021-12-06 13:41:49'),
('383760d5-6851-218b-4835-0028ed526dd0', 'TS00787', 'Laptop ASUS Gaming ROG Zephyrus S17', '4e272fc4-7875-78d6-7d32-6a1673ffca7c', NULL, NULL, '78aafe4a-67a7-2076-3bf3-eb0223d0a4f7', NULL, NULL, '2021-12-06 13:41:49', 55000000.0000, 7, 6.05, 2020, 7, 2022, '2021-12-06 13:41:49', False, NULL, '2021-12-06 13:41:49', NULL, '2021-12-06 13:41:49'),
('38dc720e-654a-29d5-34c2-579daad24557', 'TS00617', 'Microsoft Surface Laptop 4', '17120d02-6ab5-3e43-18cb-66948daf6128', NULL, NULL, '78aafe4a-67a7-2076-3bf3-eb0223d0a4f7', NULL, NULL, '2021-12-06 13:41:49', 75000000.0000, 7, 9.73, 2021, 8, 2022, '2021-12-06 13:41:49', False, NULL, '2021-12-06 13:41:49', NULL, '2021-12-06 13:41:49'),
('395826c8-15a0-31f9-5980-7ed9d1ea06ea', 'TS00046', 'Microsoft Surface Book 3', '142cb08f-7c31-21fa-8e90-67245e8b283e', NULL, NULL, '78aafe4a-67a7-2076-3bf3-eb0223d0a4f7', NULL, NULL, '2021-12-06 13:41:49', 45000000.0000, 6, 5.78, 2020, 10, 2022, '2021-12-06 13:41:49', False, NULL, '2021-12-06 13:41:49', NULL, '2021-12-06 13:41:49'),
('395fb299-3c5f-46fe-8841-c1ec321fe728', 'TS00503', 'Laptop Dell Alienware m15', '469b3ece-744a-45d5-957d-e8c757976496', NULL, NULL, '78aafe4a-67a7-2076-3bf3-eb0223d0a4f7', NULL, NULL, '2021-12-06 13:41:49', 50000000.0000, 6, 7.53, 2021, 10, 2022, '2021-12-06 13:41:49', True, NULL, '2021-12-06 13:41:49', NULL, '2021-12-06 13:41:49'),
('39f3c493-4680-145e-42c2-579daad24557', 'TS00346', 'Microsoft Surface Book 3', '469b3ece-744a-45d5-957d-e8c757976496', NULL, NULL, '78aafe4a-67a7-2076-3bf3-eb0223d0a4f7', NULL, NULL, '2021-12-06 13:41:49', 40000000.0000, 9, 8.38, 2022, 10, 2022, '2021-12-06 13:41:49', False, NULL, '2021-12-06 13:41:49', NULL, '2021-12-06 13:41:49'),
('3a425a4d-6066-116b-6bf6-423b4e874d0f', 'TS00557', 'Laptop Lenovo Thinkpad X1 Fold Gen 1', '4e272fc4-7875-78d6-7d32-6a1673ffca7c', NULL, NULL, '78aafe4a-67a7-2076-3bf3-eb0223d0a4f7', NULL, NULL, '2021-12-06 13:41:49', 70000000.0000, 4, 5.05, 2021, 6, 2022, '2021-12-06 13:41:49', False, NULL, '2021-12-06 13:41:49', NULL, '2021-12-06 13:41:49'),
('3abffc51-2a43-18c6-6cf6-423b4e874d0f', 'TS00809', 'Laptop HP Omen 15', '17120d02-6ab5-3e43-18cb-66948daf6128', NULL, NULL, '78aafe4a-67a7-2076-3bf3-eb0223d0a4f7', NULL, NULL, '2021-12-06 13:41:49', 55000000.0000, 9, 7.89, 2020, 7, 2022, '2021-12-06 13:41:49', False, NULL, '2021-12-06 13:41:49', NULL, '2021-12-06 13:41:49'),
('3ac85d96-49eb-7b1d-1135-60b3ebf808a9', 'TS00245', 'Microsoft Surface Laptop 4', '11452b0c-768e-5ff7-0d63-eeb1d8ed8cef', NULL, NULL, '78aafe4a-67a7-2076-3bf3-eb0223d0a4f7', NULL, NULL, '2021-12-06 13:41:49', 80000000.0000, 7, 8.36, 2022, 9, 2022, '2021-12-06 13:41:49', True, NULL, '2021-12-06 13:41:49', NULL, '2021-12-06 13:41:49'),
('3b668e3c-742f-4876-8e41-c1ec321fe728', 'TS00937', 'Laptop Lenovo Thinkpad X1 Fold Gen 1', '11452b0c-768e-5ff7-0d63-eeb1d8ed8cef', NULL, NULL, '78aafe4a-67a7-2076-3bf3-eb0223d0a4f7', NULL, NULL, '2021-12-06 13:41:49', 80000000.0000, 2, 9.02, 2021, 9, 2022, '2021-12-06 13:41:49', True, NULL, '2021-12-06 13:41:49', NULL, '2021-12-06 13:41:49'),
('3b9be541-2ef2-4000-4bc2-579daad24557', 'TS00001', 'Laptop Lenovo Thinkpad X1 Fold Gen 1', '17120d02-6ab5-3e43-18cb-66948daf6128', NULL, NULL, '78aafe4a-67a7-2076-3bf3-eb0223d0a4f7', NULL, NULL, '2021-12-06 13:41:49', 60000000.0000, 3, 9.95, 2020, 9, 2022, '2021-12-06 13:41:49', False, NULL, '2021-12-06 13:41:49', NULL, '2021-12-06 13:41:49'),
('3b9ddf67-2552-6683-5a80-7ed9d1ea06ea', 'TS00281', 'Laptop MSI P75 Creator 9SF', '11452b0c-768e-5ff7-0d63-eeb1d8ed8cef', NULL, NULL, '78aafe4a-67a7-2076-3bf3-eb0223d0a4f7', NULL, NULL, '2021-12-06 13:41:49', 80000000.0000, 3, 6.7, 2020, 5, 2022, '2021-12-06 13:41:49', True, NULL, '2021-12-06 13:41:49', NULL, '2021-12-06 13:41:49'),
('3cb58bb5-2fd7-6c15-8741-c1ec321fe728', 'TS00226', 'Microsoft Surface Pro X1', '11452b0c-768e-5ff7-0d63-eeb1d8ed8cef', NULL, NULL, '78aafe4a-67a7-2076-3bf3-eb0223d0a4f7', NULL, NULL, '2021-12-06 13:41:49', 60000000.0000, 4, 8.05, 2022, 10, 2022, '2021-12-06 13:41:49', True, NULL, '2021-12-06 13:41:49', NULL, '2021-12-06 13:41:49'),
('3cc7be2d-6406-4b95-3cc2-579daad24557', 'TS00864', 'Apple Macbook Pro 2019 16"', '17120d02-6ab5-3e43-18cb-66948daf6128', NULL, NULL, '78aafe4a-67a7-2076-3bf3-eb0223d0a4f7', NULL, NULL, '2021-12-06 13:41:49', 50000000.0000, 2, 8.88, 2021, 7, 2022, '2021-12-06 13:41:49', False, NULL, '2021-12-06 13:41:49', NULL, '2021-12-06 13:41:49'),
('3d1266d8-49d7-3605-2477-d9ebc53aac3d', 'TS00668', 'Microsoft Surface Pro 7 Plus\r\n\r\n', '11452b0c-768e-5ff7-0d63-eeb1d8ed8cef', NULL, NULL, '78aafe4a-67a7-2076-3bf3-eb0223d0a4f7', NULL, NULL, '2021-12-06 13:41:49', 55000000.0000, 5, 5.67, 2022, 7, 2022, '2021-12-06 13:41:49', False, NULL, '2021-12-06 13:41:49', NULL, '2021-12-06 13:41:49'),
('3d18d4c2-2f39-3dce-d61d-086412a8ea97', 'TS00880', 'Microsoft Surface Pro X1', '469b3ece-744a-45d5-957d-e8c757976496', NULL, NULL, '78aafe4a-67a7-2076-3bf3-eb0223d0a4f7', NULL, NULL, '2021-12-06 13:41:49', 75000000.0000, 1, 9.65, 2022, 8, 2022, '2021-12-06 13:41:49', False, NULL, '2021-12-06 13:41:49', NULL, '2021-12-06 13:41:49'),
('3d9b23c7-7369-2872-5635-0028ed526dd0', 'TS00828', 'Laptop Dell Alienware m15', '4e272fc4-7875-78d6-7d32-6a1673ffca7c', NULL, NULL, '78aafe4a-67a7-2076-3bf3-eb0223d0a4f7', NULL, NULL, '2021-12-06 13:41:49', 65000000.0000, 7, 5.78, 2022, 8, 2022, '2021-12-06 13:41:49', True, NULL, '2021-12-06 13:41:49', NULL, '2021-12-06 13:41:49'),
('3e2b2e81-5437-1a99-9441-c1ec321fe728', 'TS00235', 'Laptop Acer Predator Triton 300', '4e272fc4-7875-78d6-7d32-6a1673ffca7c', NULL, NULL, '78aafe4a-67a7-2076-3bf3-eb0223d0a4f7', NULL, NULL, '2021-12-06 13:41:49', 55000000.0000, 3, 5.42, 2020, 8, 2022, '2021-12-06 13:41:49', True, NULL, '2021-12-06 13:41:49', NULL, '2021-12-06 13:41:49'),
('3e51a46c-4153-229c-7f41-c1ec321fe728', 'TS00294', 'Laptop Gigabyte Gaming Aorus 15P', '11452b0c-768e-5ff7-0d63-eeb1d8ed8cef', NULL, NULL, '78aafe4a-67a7-2076-3bf3-eb0223d0a4f7', NULL, NULL, '2021-12-06 13:41:49', 70000000.0000, 9, 9.65, 2020, 9, 2022, '2021-12-06 13:41:49', True, NULL, '2021-12-06 13:41:49', NULL, '2021-12-06 13:41:49'),
('3e7dd0ec-7ee5-392a-1277-d9ebc53aac3d', 'TS00044', 'Laptop ASUS Gaming ROG Zephyrus DUO', '4e272fc4-7875-78d6-7d32-6a1673ffca7c', NULL, NULL, '78aafe4a-67a7-2076-3bf3-eb0223d0a4f7', NULL, NULL, '2021-12-06 13:41:49', 60000000.0000, 8, 7.99, 2021, 6, 2022, '2021-12-06 13:41:49', True, NULL, '2021-12-06 13:41:49', NULL, '2021-12-06 13:41:49'),
('3f7028bf-3771-75c5-2380-de64d090a2c2', 'TS00158', 'Laptop Acer Predator Triton 300', '142cb08f-7c31-21fa-8e90-67245e8b283e', NULL, NULL, '78aafe4a-67a7-2076-3bf3-eb0223d0a4f7', NULL, NULL, '2021-12-06 13:41:49', 60000000.0000, 7, 8.09, 2022, 9, 2022, '2021-12-06 13:41:49', False, NULL, '2021-12-06 13:41:49', NULL, '2021-12-06 13:41:49'),
('3fa724dd-431f-5032-2a80-de64d090a2c2', 'TS00191', 'Apple Macbook M1 Pro 16"', '17120d02-6ab5-3e43-18cb-66948daf6128', NULL, NULL, '78aafe4a-67a7-2076-3bf3-eb0223d0a4f7', NULL, NULL, '2021-12-06 13:41:49', 50000000.0000, 10, 7.82, 2021, 5, 2022, '2021-12-06 13:41:49', False, NULL, '2021-12-06 13:41:49', NULL, '2021-12-06 13:41:49'),
('3fc4ed08-1219-1c6d-5480-7ed9d1ea06ea', 'TS00067', 'Microsoft Surface Book 3', '11452b0c-768e-5ff7-0d63-eeb1d8ed8cef', NULL, NULL, '78aafe4a-67a7-2076-3bf3-eb0223d0a4f7', NULL, NULL, '2021-12-06 13:41:49', 70000000.0000, 3, 7.06, 2022, 5, 2022, '2021-12-06 13:41:49', True, NULL, '2021-12-06 13:41:49', NULL, '2021-12-06 13:41:49'),
('3fed64ec-2f94-798f-0335-60b3ebf808a9', 'TS00537', 'Laptop ASUS Gaming TUF', '4e272fc4-7875-78d6-7d32-6a1673ffca7c', NULL, NULL, '78aafe4a-67a7-2076-3bf3-eb0223d0a4f7', NULL, NULL, '2021-12-06 13:41:49', 40000000.0000, 10, 5.25, 2020, 10, 2022, '2021-12-06 13:41:49', False, NULL, '2021-12-06 13:41:49', NULL, '2021-12-06 13:41:49'),
('40160288-72cf-185c-c8d2-89b22d10517e', 'TS00260', 'Laptop ASUS Gaming TUF', '11452b0c-768e-5ff7-0d63-eeb1d8ed8cef', NULL, NULL, '78aafe4a-67a7-2076-3bf3-eb0223d0a4f7', NULL, NULL, '2021-12-06 13:41:49', 75000000.0000, 10, 8.43, 2021, 7, 2022, '2021-12-06 13:41:49', False, NULL, '2021-12-06 13:41:49', NULL, '2021-12-06 13:41:49'),
('401e72cc-49b0-5b4a-5335-0028ed526dd0', 'TS00081', 'Microsoft Surface Book 3', '142cb08f-7c31-21fa-8e90-67245e8b283e', NULL, NULL, '78aafe4a-67a7-2076-3bf3-eb0223d0a4f7', NULL, NULL, '2021-12-06 13:41:49', 70000000.0000, 5, 7.24, 2021, 8, 2022, '2021-12-06 13:41:49', True, NULL, '2021-12-06 13:41:49', NULL, '2021-12-06 13:41:49'),
('4029deb6-568c-284f-8941-c1ec321fe728', 'TS00989', 'Apple Macbook Air M1 13"', '469b3ece-744a-45d5-957d-e8c757976496', NULL, NULL, '78aafe4a-67a7-2076-3bf3-eb0223d0a4f7', NULL, NULL, '2021-12-06 13:41:49', 55000000.0000, 10, 9.52, 2021, 10, 2022, '2021-12-06 13:41:49', True, NULL, '2021-12-06 13:41:49', NULL, '2021-12-06 13:41:49'),
('405d596c-21be-7e1a-3dc2-579daad24557', 'TS00131', 'Microsoft Surface Pro 7 Plus\r\n\r\n', '17120d02-6ab5-3e43-18cb-66948daf6128', NULL, NULL, '78aafe4a-67a7-2076-3bf3-eb0223d0a4f7', NULL, NULL, '2021-12-06 13:41:49', 65000000.0000, 7, 6.69, 2021, 8, 2022, '2021-12-06 13:41:49', False, NULL, '2021-12-06 13:41:49', NULL, '2021-12-06 13:41:49'),
('407db4d1-222b-287d-0135-60b3ebf808a9', 'TS00221', 'Laptop ASUS Gaming ROG Zephyrus DUO', '4e272fc4-7875-78d6-7d32-6a1673ffca7c', NULL, NULL, '78aafe4a-67a7-2076-3bf3-eb0223d0a4f7', NULL, NULL, '2021-12-06 13:41:49', 50000000.0000, 7, 7.69, 2022, 9, 2022, '2021-12-06 13:41:49', False, NULL, '2021-12-06 13:41:49', NULL, '2021-12-06 13:41:49'),
('40904e10-3084-1af7-2a77-d9ebc53aac3d', 'TS00645', 'Laptop MSI P75 Creator 9SF', '11452b0c-768e-5ff7-0d63-eeb1d8ed8cef', NULL, NULL, '78aafe4a-67a7-2076-3bf3-eb0223d0a4f7', NULL, NULL, '2021-12-06 13:41:49', 60000000.0000, 6, 6.68, 2021, 8, 2022, '2021-12-06 13:41:49', False, NULL, '2021-12-06 13:41:49', NULL, '2021-12-06 13:41:49'),
('409dcd1a-426a-23f7-3a35-0028ed526dd0', 'TS00694', 'Microsoft Surface Book 3', '17120d02-6ab5-3e43-18cb-66948daf6128', NULL, NULL, '78aafe4a-67a7-2076-3bf3-eb0223d0a4f7', NULL, NULL, '2021-12-06 13:41:49', 50000000.0000, 1, 7.54, 2020, 9, 2022, '2021-12-06 13:41:49', False, NULL, '2021-12-06 13:41:49', NULL, '2021-12-06 13:41:49'),
('40fff47f-4425-60cb-5135-0028ed526dd0', 'TS00161', 'Microsoft Surface Laptop 4', '11452b0c-768e-5ff7-0d63-eeb1d8ed8cef', NULL, NULL, '78aafe4a-67a7-2076-3bf3-eb0223d0a4f7', NULL, NULL, '2021-12-06 13:41:49', 55000000.0000, 7, 7.76, 2020, 9, 2022, '2021-12-06 13:41:49', False, NULL, '2021-12-06 13:41:49', NULL, '2021-12-06 13:41:49'),
('417f31fa-5c7b-6b08-6280-7ed9d1ea06ea', 'TS00748', 'Laptop Gigabyte Gaming Aorus 15P', '469b3ece-744a-45d5-957d-e8c757976496', NULL, NULL, '78aafe4a-67a7-2076-3bf3-eb0223d0a4f7', NULL, NULL, '2021-12-06 13:41:49', 40000000.0000, 5, 8.38, 2022, 7, 2022, '2021-12-06 13:41:49', False, NULL, '2021-12-06 13:41:49', NULL, '2021-12-06 13:41:49'),
('41f1acba-3177-4b1c-c4d2-89b22d10517e', 'TS00505', 'Microsoft Surface Book 3', '11452b0c-768e-5ff7-0d63-eeb1d8ed8cef', NULL, NULL, '78aafe4a-67a7-2076-3bf3-eb0223d0a4f7', NULL, NULL, '2021-12-06 13:41:49', 40000000.0000, 10, 6.52, 2021, 5, 2022, '2021-12-06 13:41:49', True, NULL, '2021-12-06 13:41:49', NULL, '2021-12-06 13:41:49'),
('42a13e31-2abb-6171-dc1d-086412a8ea97', 'TS00952', 'Laptop Gigabyte Gaming Aorus 15P', '142cb08f-7c31-21fa-8e90-67245e8b283e', NULL, NULL, '78aafe4a-67a7-2076-3bf3-eb0223d0a4f7', NULL, NULL, '2021-12-06 13:41:49', 75000000.0000, 7, 6.58, 2021, 5, 2022, '2021-12-06 13:41:49', True, NULL, '2021-12-06 13:41:49', NULL, '2021-12-06 13:41:49'),
('42b9446a-790b-3892-2ac2-579daad24557', 'TS00929', 'Apple Macbook M1 Pro 14"', '4e272fc4-7875-78d6-7d32-6a1673ffca7c', NULL, NULL, '78aafe4a-67a7-2076-3bf3-eb0223d0a4f7', NULL, NULL, '2021-12-06 13:41:49', 65000000.0000, 1, 8.73, 2020, 5, 2022, '2021-12-06 13:41:49', True, NULL, '2021-12-06 13:41:49', NULL, '2021-12-06 13:41:49'),
('42db9027-5e76-257b-33c2-579daad24557', 'TS00902', 'Apple Macbook Air M1 13"', '11452b0c-768e-5ff7-0d63-eeb1d8ed8cef', NULL, NULL, '78aafe4a-67a7-2076-3bf3-eb0223d0a4f7', NULL, NULL, '2021-12-06 13:41:49', 55000000.0000, 3, 6.5, 2020, 6, 2022, '2021-12-06 13:41:49', True, NULL, '2021-12-06 13:41:49', NULL, '2021-12-06 13:41:49'),
('434d4eb6-140c-38b4-4cc2-579daad24557', 'TS00016', 'Laptop Lenovo Thinkpad X1 Fold Gen 1', '11452b0c-768e-5ff7-0d63-eeb1d8ed8cef', NULL, NULL, '78aafe4a-67a7-2076-3bf3-eb0223d0a4f7', NULL, NULL, '2021-12-06 13:41:49', 75000000.0000, 8, 7.66, 2020, 6, 2022, '2021-12-06 13:41:49', True, NULL, '2021-12-06 13:41:49', NULL, '2021-12-06 13:41:49'),
('443674f7-78a9-5ffa-4f35-0028ed526dd0', 'TS00490', 'Laptop ASUS Gaming ROG Zephyrus DUO', '142cb08f-7c31-21fa-8e90-67245e8b283e', NULL, NULL, '78aafe4a-67a7-2076-3bf3-eb0223d0a4f7', NULL, NULL, '2021-12-06 13:41:49', 65000000.0000, 2, 8.33, 2022, 5, 2022, '2021-12-06 13:41:49', False, NULL, '2021-12-06 13:41:49', NULL, '2021-12-06 13:41:49'),
('45ae58dc-49a1-14b9-3180-de64d090a2c2', 'TS00284', 'Laptop HP Probook 450 G8', '4e272fc4-7875-78d6-7d32-6a1673ffca7c', NULL, NULL, '78aafe4a-67a7-2076-3bf3-eb0223d0a4f7', NULL, NULL, '2021-12-06 13:41:49', 40000000.0000, 4, 9.26, 2021, 8, 2022, '2021-12-06 13:41:49', True, NULL, '2021-12-06 13:41:49', NULL, '2021-12-06 13:41:49'),
('45bd4aa1-3832-3db8-d21d-086412a8ea97', 'TS00219', 'Apple Macbook Pro 2019 16"', '11452b0c-768e-5ff7-0d63-eeb1d8ed8cef', NULL, NULL, '78aafe4a-67a7-2076-3bf3-eb0223d0a4f7', NULL, NULL, '2021-12-06 13:41:49', 80000000.0000, 7, 7.76, 2022, 7, 2022, '2021-12-06 13:41:49', True, NULL, '2021-12-06 13:41:49', NULL, '2021-12-06 13:41:49'),
('45c09477-664f-1904-0f35-60b3ebf808a9', 'TS00870', 'Laptop HP Omen 15', '469b3ece-744a-45d5-957d-e8c757976496', NULL, NULL, '78aafe4a-67a7-2076-3bf3-eb0223d0a4f7', NULL, NULL, '2021-12-06 13:41:49', 65000000.0000, 8, 5.32, 2020, 6, 2022, '2021-12-06 13:41:49', True, NULL, '2021-12-06 13:41:49', NULL, '2021-12-06 13:41:49'),
('46325c89-599d-77ef-74f6-423b4e874d0f', 'TS00382', 'Laptop Dell Inspiron 5406', '4e272fc4-7875-78d6-7d32-6a1673ffca7c', NULL, NULL, '78aafe4a-67a7-2076-3bf3-eb0223d0a4f7', NULL, NULL, '2021-12-06 13:41:49', 65000000.0000, 1, 7.77, 2020, 7, 2022, '2021-12-06 13:41:49', False, NULL, '2021-12-06 13:41:49', NULL, '2021-12-06 13:41:49'),
('46421cb1-7414-1d61-2c80-de64d090a2c2', 'TS00186', 'Laptop MSI P75 Creator 9SF', '142cb08f-7c31-21fa-8e90-67245e8b283e', NULL, NULL, '78aafe4a-67a7-2076-3bf3-eb0223d0a4f7', NULL, NULL, '2021-12-06 13:41:49', 40000000.0000, 9, 7.53, 2022, 9, 2022, '2021-12-06 13:41:49', False, NULL, '2021-12-06 13:41:49', NULL, '2021-12-06 13:41:49'),
('481183cb-5a6c-795b-68f6-423b4e874d0f', 'TS00031', 'Apple Macbook Air M1 13"', '11452b0c-768e-5ff7-0d63-eeb1d8ed8cef', NULL, NULL, '78aafe4a-67a7-2076-3bf3-eb0223d0a4f7', NULL, NULL, '2021-12-06 13:41:49', 80000000.0000, 3, 5.38, 2021, 7, 2022, '2021-12-06 13:41:49', True, NULL, '2021-12-06 13:41:49', NULL, '2021-12-06 13:41:49'),
('48147636-7e8f-6939-2580-de64d090a2c2', 'TS00086', 'Laptop Lenovo Legion 7', '469b3ece-744a-45d5-957d-e8c757976496', NULL, NULL, '78aafe4a-67a7-2076-3bf3-eb0223d0a4f7', NULL, NULL, '2021-12-06 13:41:49', 80000000.0000, 1, 5.17, 2022, 8, 2022, '2021-12-06 13:41:49', True, NULL, '2021-12-06 13:41:49', NULL, '2021-12-06 13:41:49'),
('4852769b-3986-7c69-2077-d9ebc53aac3d', 'TS00063', 'Apple Macbook M1 Pro 16"', '11452b0c-768e-5ff7-0d63-eeb1d8ed8cef', NULL, NULL, '78aafe4a-67a7-2076-3bf3-eb0223d0a4f7', NULL, NULL, '2021-12-06 13:41:49', 65000000.0000, 6, 6.74, 2022, 9, 2022, '2021-12-06 13:41:49', False, NULL, '2021-12-06 13:41:49', NULL, '2021-12-06 13:41:49'),
('4863fe5f-13df-4653-9041-c1ec321fe728', 'TS00427', 'Laptop Lenovo Yoga S17', '11452b0c-768e-5ff7-0d63-eeb1d8ed8cef', NULL, NULL, '78aafe4a-67a7-2076-3bf3-eb0223d0a4f7', NULL, NULL, '2021-12-06 13:41:49', 70000000.0000, 10, 7.27, 2021, 10, 2022, '2021-12-06 13:41:49', False, NULL, '2021-12-06 13:41:49', NULL, '2021-12-06 13:41:49'),
('4989ff24-23e7-7b82-b6d2-89b22d10517e', 'TS00701', 'Laptop Gigabyte Gaming Aorus 15P', '142cb08f-7c31-21fa-8e90-67245e8b283e', NULL, NULL, '78aafe4a-67a7-2076-3bf3-eb0223d0a4f7', NULL, NULL, '2021-12-06 13:41:49', 60000000.0000, 8, 7.28, 2020, 6, 2022, '2021-12-06 13:41:49', False, NULL, '2021-12-06 13:41:49', NULL, '2021-12-06 13:41:49'),
('4a594072-7a23-18da-c9d2-89b22d10517e', 'TS00058', 'Laptop ASUS Gaming TUF', '4e272fc4-7875-78d6-7d32-6a1673ffca7c', NULL, NULL, '78aafe4a-67a7-2076-3bf3-eb0223d0a4f7', NULL, NULL, '2021-12-06 13:41:49', 45000000.0000, 5, 9.4, 2021, 7, 2022, '2021-12-06 13:41:49', True, NULL, '2021-12-06 13:41:49', NULL, '2021-12-06 13:41:49'),
('4a9854e8-12ac-72ac-2877-d9ebc53aac3d', 'TS00365', 'Laptop Lenovo Legion 7', '11452b0c-768e-5ff7-0d63-eeb1d8ed8cef', NULL, NULL, '78aafe4a-67a7-2076-3bf3-eb0223d0a4f7', NULL, NULL, '2021-12-06 13:41:49', 40000000.0000, 9, 5.03, 2022, 7, 2022, '2021-12-06 13:41:49', False, NULL, '2021-12-06 13:41:49', NULL, '2021-12-06 13:41:49'),
('4b649055-43d5-2b07-de1d-086412a8ea97', 'TS00097', 'Laptop Dell Inspiron 5406', '17120d02-6ab5-3e43-18cb-66948daf6128', NULL, NULL, '78aafe4a-67a7-2076-3bf3-eb0223d0a4f7', NULL, NULL, '2021-12-06 13:41:49', 45000000.0000, 10, 6.93, 2020, 9, 2022, '2021-12-06 13:41:49', False, NULL, '2021-12-06 13:41:49', NULL, '2021-12-06 13:41:49'),
('4bf4567b-1505-40db-dd1d-086412a8ea97', 'TS00392', 'Apple Macbook M1 Pro 14"', '469b3ece-744a-45d5-957d-e8c757976496', NULL, NULL, '78aafe4a-67a7-2076-3bf3-eb0223d0a4f7', NULL, NULL, '2021-12-06 13:41:49', 45000000.0000, 3, 6.23, 2021, 9, 2022, '2021-12-06 13:41:49', True, NULL, '2021-12-06 13:41:49', NULL, '2021-12-06 13:41:49'),
('4bf9ecda-2d8e-1724-1d80-de64d090a2c2', 'TS00957', 'Laptop Lenovo Thinkpad X1 Fold Gen 1', '4e272fc4-7875-78d6-7d32-6a1673ffca7c', NULL, NULL, '78aafe4a-67a7-2076-3bf3-eb0223d0a4f7', NULL, NULL, '2021-12-06 13:41:49', 80000000.0000, 2, 7.05, 2022, 8, 2022, '2021-12-06 13:41:49', False, NULL, '2021-12-06 13:41:49', NULL, '2021-12-06 13:41:49'),
('4c14bdf4-3327-39eb-2d80-de64d090a2c2', 'TS00815', 'Apple Macbook M1 Pro 14"', '11452b0c-768e-5ff7-0d63-eeb1d8ed8cef', NULL, NULL, '78aafe4a-67a7-2076-3bf3-eb0223d0a4f7', NULL, NULL, '2021-12-06 13:41:49', 80000000.0000, 3, 7.04, 2022, 7, 2022, '2021-12-06 13:41:49', True, NULL, '2021-12-06 13:41:49', NULL, '2021-12-06 13:41:49'),
('4c61c74b-4a9f-769e-0d35-60b3ebf808a9', 'TS00173', 'Apple Macbook M1 Pro 16"', '142cb08f-7c31-21fa-8e90-67245e8b283e', NULL, NULL, '78aafe4a-67a7-2076-3bf3-eb0223d0a4f7', NULL, NULL, '2021-12-06 13:41:49', 70000000.0000, 2, 7.66, 2020, 5, 2022, '2021-12-06 13:41:49', True, NULL, '2021-12-06 13:41:49', NULL, '2021-12-06 13:41:49'),
('4c9ebdde-5f9a-58dd-4235-0028ed526dd0', 'TS00669', 'Laptop Dell Latitudes', '469b3ece-744a-45d5-957d-e8c757976496', NULL, NULL, '78aafe4a-67a7-2076-3bf3-eb0223d0a4f7', NULL, NULL, '2021-12-06 13:41:49', 70000000.0000, 7, 9.85, 2021, 9, 2022, '2021-12-06 13:41:49', False, NULL, '2021-12-06 13:41:49', NULL, '2021-12-06 13:41:49'),
('4cc606bb-3068-7d32-3f35-0028ed526dd0', 'TS00341', 'Laptop Gigabyte Gaming Aorus 15P', '142cb08f-7c31-21fa-8e90-67245e8b283e', NULL, NULL, '78aafe4a-67a7-2076-3bf3-eb0223d0a4f7', NULL, NULL, '2021-12-06 13:41:49', 80000000.0000, 10, 5.94, 2022, 6, 2022, '2021-12-06 13:41:49', True, NULL, '2021-12-06 13:41:49', NULL, '2021-12-06 13:41:49'),
('4d536cce-31bf-335e-bfd2-89b22d10517e', 'TS00468', 'Laptop Dell Alienware m15', '17120d02-6ab5-3e43-18cb-66948daf6128', NULL, NULL, '78aafe4a-67a7-2076-3bf3-eb0223d0a4f7', NULL, NULL, '2021-12-06 13:41:49', 50000000.0000, 5, 6.31, 2020, 7, 2022, '2021-12-06 13:41:49', True, NULL, '2021-12-06 13:41:49', NULL, '2021-12-06 13:41:49'),
('4d6d3d5c-26da-45b3-2977-d9ebc53aac3d', 'TS00130', 'Microsoft Surface Laptop 4', '142cb08f-7c31-21fa-8e90-67245e8b283e', NULL, NULL, '78aafe4a-67a7-2076-3bf3-eb0223d0a4f7', NULL, NULL, '2021-12-06 13:41:49', 70000000.0000, 7, 8.05, 2020, 6, 2022, '2021-12-06 13:41:49', True, NULL, '2021-12-06 13:41:49', NULL, '2021-12-06 13:41:49'),
('4db9a514-6d87-2ec1-3b35-0028ed526dd0', 'TS00721', 'Microsoft Surface Book 3', '11452b0c-768e-5ff7-0d63-eeb1d8ed8cef', NULL, NULL, '78aafe4a-67a7-2076-3bf3-eb0223d0a4f7', NULL, NULL, '2021-12-06 13:41:49', 60000000.0000, 3, 5.79, 2021, 7, 2022, '2021-12-06 13:41:49', False, NULL, '2021-12-06 13:41:49', NULL, '2021-12-06 13:41:49'),
('4dd0746a-6f49-64fa-1d77-d9ebc53aac3d', 'TS00297', 'Microsoft Surface Pro X1', '4e272fc4-7875-78d6-7d32-6a1673ffca7c', NULL, NULL, '78aafe4a-67a7-2076-3bf3-eb0223d0a4f7', NULL, NULL, '2021-12-06 13:41:49', 65000000.0000, 3, 5.42, 2020, 7, 2022, '2021-12-06 13:41:49', True, NULL, '2021-12-06 13:41:49', NULL, '2021-12-06 13:41:49'),
('4e2c885d-5347-35dc-79f6-423b4e874d0f', 'TS00703', 'Laptop Lenovo Thinkpad X1 Fold Gen 1', '11452b0c-768e-5ff7-0d63-eeb1d8ed8cef', NULL, NULL, '78aafe4a-67a7-2076-3bf3-eb0223d0a4f7', NULL, NULL, '2021-12-06 13:41:49', 70000000.0000, 2, 5.41, 2022, 9, 2022, '2021-12-06 13:41:49', False, NULL, '2021-12-06 13:41:49', NULL, '2021-12-06 13:41:49'),
('4eb131b8-234a-632f-4b35-0028ed526dd0', 'TS00137', 'Microsoft Surface Book 3', '142cb08f-7c31-21fa-8e90-67245e8b283e', NULL, NULL, '78aafe4a-67a7-2076-3bf3-eb0223d0a4f7', NULL, NULL, '2021-12-06 13:41:49', 80000000.0000, 7, 5.98, 2021, 8, 2022, '2021-12-06 13:41:49', False, NULL, '2021-12-06 13:41:49', NULL, '2021-12-06 13:41:49'),
('4efc95ad-2cc2-3f45-bed2-89b22d10517e', 'TS00377', 'Laptop Gaming VGS Imperium', '4e272fc4-7875-78d6-7d32-6a1673ffca7c', NULL, NULL, '78aafe4a-67a7-2076-3bf3-eb0223d0a4f7', NULL, NULL, '2021-12-06 13:41:49', 75000000.0000, 10, 7.31, 2022, 6, 2022, '2021-12-06 13:41:49', False, NULL, '2021-12-06 13:41:49', NULL, '2021-12-06 13:41:49'),
('4f65f6c1-4525-16e5-4135-0028ed526dd0', 'TS00305', 'Laptop Gaming VGS Imperium', '4e272fc4-7875-78d6-7d32-6a1673ffca7c', NULL, NULL, '78aafe4a-67a7-2076-3bf3-eb0223d0a4f7', NULL, NULL, '2021-12-06 13:41:49', 50000000.0000, 8, 5.21, 2022, 9, 2022, '2021-12-06 13:41:49', False, NULL, '2021-12-06 13:41:49', NULL, '2021-12-06 13:41:49'),
('4f6e3234-1da4-7273-c7d2-89b22d10517e', 'TS00592', 'Laptop Lenovo Yoga S17', '11452b0c-768e-5ff7-0d63-eeb1d8ed8cef', NULL, NULL, '78aafe4a-67a7-2076-3bf3-eb0223d0a4f7', NULL, NULL, '2021-12-06 13:41:49', 50000000.0000, 4, 6.09, 2021, 9, 2022, '2021-12-06 13:41:49', True, NULL, '2021-12-06 13:41:49', NULL, '2021-12-06 13:41:49'),
('500b6761-1631-4f3a-c0d2-89b22d10517e', 'TS00339', 'Laptop HP Omen 15', '11452b0c-768e-5ff7-0d63-eeb1d8ed8cef', NULL, NULL, '78aafe4a-67a7-2076-3bf3-eb0223d0a4f7', NULL, NULL, '2021-12-06 13:41:49', 75000000.0000, 8, 8.08, 2020, 8, 2022, '2021-12-06 13:41:49', True, NULL, '2021-12-06 13:41:49', NULL, '2021-12-06 13:41:49'),
('50253399-32d6-3154-5535-0028ed526dd0', 'TS00085', 'Laptop Lenovo Thinkpad X1 Fold Gen 1', '4e272fc4-7875-78d6-7d32-6a1673ffca7c', NULL, NULL, '78aafe4a-67a7-2076-3bf3-eb0223d0a4f7', NULL, NULL, '2021-12-06 13:41:49', 70000000.0000, 2, 7.88, 2022, 5, 2022, '2021-12-06 13:41:49', True, NULL, '2021-12-06 13:41:49', NULL, '2021-12-06 13:41:49'),
('506acf1e-5331-67a9-0d77-d9ebc53aac3d', 'TS00646', 'Laptop Dell Alienware m15', '142cb08f-7c31-21fa-8e90-67245e8b283e', NULL, NULL, '78aafe4a-67a7-2076-3bf3-eb0223d0a4f7', NULL, NULL, '2021-12-06 13:41:49', 50000000.0000, 7, 9.32, 2022, 5, 2022, '2021-12-06 13:41:49', False, NULL, '2021-12-06 13:41:49', NULL, '2021-12-06 13:41:49'),
('50b49b1f-3df8-4b52-db1d-086412a8ea97', 'TS00502', 'Apple Macbook M1 Pro 14"', '11452b0c-768e-5ff7-0d63-eeb1d8ed8cef', NULL, NULL, '78aafe4a-67a7-2076-3bf3-eb0223d0a4f7', NULL, NULL, '2021-12-06 13:41:49', 50000000.0000, 9, 5.82, 2021, 5, 2022, '2021-12-06 13:41:49', False, NULL, '2021-12-06 13:41:49', NULL, '2021-12-06 13:41:49'),
('50c07587-55d5-5b36-1b77-d9ebc53aac3d', 'TS00076', 'Laptop ASUS Gaming ROG Zephyrus S17', '469b3ece-744a-45d5-957d-e8c757976496', NULL, NULL, '78aafe4a-67a7-2076-3bf3-eb0223d0a4f7', NULL, NULL, '2021-12-06 13:41:49', 60000000.0000, 10, 8.58, 2020, 9, 2022, '2021-12-06 13:41:49', False, NULL, '2021-12-06 13:41:49', NULL, '2021-12-06 13:41:49'),
('5163ba6d-4e5a-4043-df1d-086412a8ea97', 'TS00538', 'Laptop ASUS Gaming ROG Zephyrus S17', '11452b0c-768e-5ff7-0d63-eeb1d8ed8cef', NULL, NULL, '78aafe4a-67a7-2076-3bf3-eb0223d0a4f7', NULL, NULL, '2021-12-06 13:41:49', 65000000.0000, 2, 6.24, 2020, 6, 2022, '2021-12-06 13:41:49', False, NULL, '2021-12-06 13:41:49', NULL, '2021-12-06 13:41:49'),
('517035f8-43a9-4c59-72f6-423b4e874d0f', 'TS00155', 'Laptop Lenovo Legion 7', '142cb08f-7c31-21fa-8e90-67245e8b283e', NULL, NULL, '78aafe4a-67a7-2076-3bf3-eb0223d0a4f7', NULL, NULL, '2021-12-06 13:41:49', 70000000.0000, 10, 7.57, 2022, 5, 2022, '2021-12-06 13:41:49', True, NULL, '2021-12-06 13:41:49', NULL, '2021-12-06 13:41:49'),
('51b5ac10-6dea-17ad-2080-de64d090a2c2', 'TS00196', 'Laptop Lenovo Legion 7', '142cb08f-7c31-21fa-8e90-67245e8b283e', NULL, NULL, '78aafe4a-67a7-2076-3bf3-eb0223d0a4f7', NULL, NULL, '2021-12-06 13:41:49', 70000000.0000, 6, 9.99, 2021, 8, 2022, '2021-12-06 13:41:49', False, NULL, '2021-12-06 13:41:49', NULL, '2021-12-06 13:41:49'),
('51c6e7d3-53bf-49ae-8a41-c1ec321fe728', 'TS00079', 'Laptop HP Omen 16', '4e272fc4-7875-78d6-7d32-6a1673ffca7c', NULL, NULL, '78aafe4a-67a7-2076-3bf3-eb0223d0a4f7', NULL, NULL, '2021-12-06 13:41:49', 80000000.0000, 1, 6.67, 2022, 5, 2022, '2021-12-06 13:41:49', False, NULL, '2021-12-06 13:41:49', NULL, '2021-12-06 13:41:49'),
('524751f2-1577-523d-ce1d-086412a8ea97', 'TS00446', 'Apple Macbook M1 Pro 16"', '4e272fc4-7875-78d6-7d32-6a1673ffca7c', NULL, NULL, '78aafe4a-67a7-2076-3bf3-eb0223d0a4f7', NULL, NULL, '2021-12-06 13:41:49', 45000000.0000, 9, 7.18, 2021, 5, 2022, '2021-12-06 13:41:49', True, NULL, '2021-12-06 13:41:49', NULL, '2021-12-06 13:41:49'),
('5254e49d-4368-3162-29c2-579daad24557', 'TS00447', 'Laptop Dell Alienware m15', '469b3ece-744a-45d5-957d-e8c757976496', NULL, NULL, '78aafe4a-67a7-2076-3bf3-eb0223d0a4f7', NULL, NULL, '2021-12-06 13:41:49', 40000000.0000, 7, 8.69, 2020, 9, 2022, '2021-12-06 13:41:49', False, NULL, '2021-12-06 13:41:49', NULL, '2021-12-06 13:41:49'),
('527e293c-2185-6d0a-5580-7ed9d1ea06ea', 'TS00634', 'Microsoft Surface Pro 7 Plus\r\n\r\n', '469b3ece-744a-45d5-957d-e8c757976496', NULL, NULL, '78aafe4a-67a7-2076-3bf3-eb0223d0a4f7', NULL, NULL, '2021-12-06 13:41:49', 65000000.0000, 5, 5.8, 2020, 9, 2022, '2021-12-06 13:41:49', False, NULL, '2021-12-06 13:41:49', NULL, '2021-12-06 13:41:49'),
('52a36f9d-42d4-6841-38c2-579daad24557', 'TS00327', 'Laptop ASUS Gaming ROG Zephyrus DUO', '17120d02-6ab5-3e43-18cb-66948daf6128', NULL, NULL, '78aafe4a-67a7-2076-3bf3-eb0223d0a4f7', NULL, NULL, '2021-12-06 13:41:49', 60000000.0000, 7, 7.34, 2022, 10, 2022, '2021-12-06 13:41:49', False, NULL, '2021-12-06 13:41:49', NULL, '2021-12-06 13:41:49'),
('535ddd98-1493-7909-1e80-de64d090a2c2', 'TS00920', 'Apple Macbook Pro 2019 16"', '11452b0c-768e-5ff7-0d63-eeb1d8ed8cef', NULL, NULL, '78aafe4a-67a7-2076-3bf3-eb0223d0a4f7', NULL, NULL, '2021-12-06 13:41:49', 55000000.0000, 4, 5.77, 2021, 8, 2022, '2021-12-06 13:41:49', False, NULL, '2021-12-06 13:41:49', NULL, '2021-12-06 13:41:49'),
('53f68d51-267f-2d1e-8241-c1ec321fe728', 'TS00150', 'Laptop Lenovo Yoga S17', '11452b0c-768e-5ff7-0d63-eeb1d8ed8cef', NULL, NULL, '78aafe4a-67a7-2076-3bf3-eb0223d0a4f7', NULL, NULL, '2021-12-06 13:41:49', 45000000.0000, 7, 7.54, 2022, 5, 2022, '2021-12-06 13:41:49', False, NULL, '2021-12-06 13:41:49', NULL, '2021-12-06 13:41:49'),
('5440d89a-638d-5382-47c2-579daad24557', 'TS00314', 'Laptop Lenovo Legion 7', '17120d02-6ab5-3e43-18cb-66948daf6128', NULL, NULL, '78aafe4a-67a7-2076-3bf3-eb0223d0a4f7', NULL, NULL, '2021-12-06 13:41:49', 70000000.0000, 5, 6.85, 2021, 9, 2022, '2021-12-06 13:41:49', True, NULL, '2021-12-06 13:41:49', NULL, '2021-12-06 13:41:49'),
('56249d42-1aee-20b3-3fc2-579daad24557', 'TS00554', 'Laptop ASUS Zenbook UX32AEA', '17120d02-6ab5-3e43-18cb-66948daf6128', NULL, NULL, '78aafe4a-67a7-2076-3bf3-eb0223d0a4f7', NULL, NULL, '2021-12-06 13:41:49', 75000000.0000, 1, 9.61, 2020, 8, 2022, '2021-12-06 13:41:49', False, NULL, '2021-12-06 13:41:49', NULL, '2021-12-06 13:41:49'),
('56313fc9-7b84-1517-3080-de64d090a2c2', 'TS00231', 'Laptop Lenovo Thinkpad X1 Fold Gen 1', '142cb08f-7c31-21fa-8e90-67245e8b283e', NULL, NULL, '78aafe4a-67a7-2076-3bf3-eb0223d0a4f7', NULL, NULL, '2021-12-06 13:41:49', 65000000.0000, 1, 8.33, 2022, 8, 2022, '2021-12-06 13:41:49', True, NULL, '2021-12-06 13:41:49', NULL, '2021-12-06 13:41:49'),
('564127b8-58f3-46f3-7df6-423b4e874d0f', 'TS00232', 'Microsoft Surface Laptop 4', '469b3ece-744a-45d5-957d-e8c757976496', NULL, NULL, '78aafe4a-67a7-2076-3bf3-eb0223d0a4f7', NULL, NULL, '2021-12-06 13:41:49', 45000000.0000, 9, 5.6, 2020, 7, 2022, '2021-12-06 13:41:49', False, NULL, '2021-12-06 13:41:49', NULL, '2021-12-06 13:41:49'),
('565c3832-2fbc-2ad0-4735-0028ed526dd0', 'TS00282', 'Laptop MSI P75 Creator 9SF', '17120d02-6ab5-3e43-18cb-66948daf6128', NULL, NULL, '78aafe4a-67a7-2076-3bf3-eb0223d0a4f7', NULL, NULL, '2021-12-06 13:41:49', 50000000.0000, 2, 9.09, 2020, 8, 2022, '2021-12-06 13:41:49', False, NULL, '2021-12-06 13:41:49', NULL, '2021-12-06 13:41:49'),
('5697b103-5179-7ac3-d31d-086412a8ea97', 'TS00865', 'Laptop HP Omen 15', '11452b0c-768e-5ff7-0d63-eeb1d8ed8cef', NULL, NULL, '78aafe4a-67a7-2076-3bf3-eb0223d0a4f7', NULL, NULL, '2021-12-06 13:41:49', 55000000.0000, 4, 6.8, 2022, 5, 2022, '2021-12-06 13:41:49', True, NULL, '2021-12-06 13:41:49', NULL, '2021-12-06 13:41:49'),
('56aaf263-3355-23ea-b8d2-89b22d10517e', 'TS00795', 'Apple Macbook M1 Pro 16"', '17120d02-6ab5-3e43-18cb-66948daf6128', NULL, NULL, '78aafe4a-67a7-2076-3bf3-eb0223d0a4f7', NULL, NULL, '2021-12-06 13:41:49', 45000000.0000, 5, 9.85, 2021, 7, 2022, '2021-12-06 13:41:49', False, NULL, '2021-12-06 13:41:49', NULL, '2021-12-06 13:41:49'),
('56dce332-76f0-6b9b-5080-7ed9d1ea06ea', 'TS00941', 'Laptop ASUS Gaming ROG Zephyrus DUO', '142cb08f-7c31-21fa-8e90-67245e8b283e', NULL, NULL, '78aafe4a-67a7-2076-3bf3-eb0223d0a4f7', NULL, NULL, '2021-12-06 13:41:49', 75000000.0000, 1, 8.3, 2020, 5, 2022, '2021-12-06 13:41:49', True, NULL, '2021-12-06 13:41:49', NULL, '2021-12-06 13:41:49'),
('57cdf8c4-47e3-5560-7e41-c1ec321fe728', 'TS00066', 'Microsoft Surface Pro 7 Plus\r\n\r\n', '11452b0c-768e-5ff7-0d63-eeb1d8ed8cef', NULL, NULL, '78aafe4a-67a7-2076-3bf3-eb0223d0a4f7', NULL, NULL, '2021-12-06 13:41:49', 45000000.0000, 2, 7.49, 2020, 6, 2022, '2021-12-06 13:41:49', True, NULL, '2021-12-06 13:41:49', NULL, '2021-12-06 13:41:49'),
('57d4e925-6e28-208d-9741-c1ec321fe728', 'TS00698', 'Microsoft Surface Book 3', '17120d02-6ab5-3e43-18cb-66948daf6128', NULL, NULL, '78aafe4a-67a7-2076-3bf3-eb0223d0a4f7', NULL, NULL, '2021-12-06 13:41:49', 75000000.0000, 6, 6.59, 2022, 7, 2022, '2021-12-06 13:41:49', False, NULL, '2021-12-06 13:41:49', NULL, '2021-12-06 13:41:49'),
('57dc4273-5c51-4aea-4d35-0028ed526dd0', 'TS00388', 'Microsoft Surface Pro X SQ1', '469b3ece-744a-45d5-957d-e8c757976496', NULL, NULL, '78aafe4a-67a7-2076-3bf3-eb0223d0a4f7', NULL, NULL, '2021-12-06 13:41:49', 80000000.0000, 1, 6.57, 2021, 9, 2022, '2021-12-06 13:41:49', True, NULL, '2021-12-06 13:41:49', NULL, '2021-12-06 13:41:49'),
('57e65423-37f0-74b0-71f6-423b4e874d0f', 'TS00272', 'Laptop HP Probook 450 G8', '4e272fc4-7875-78d6-7d32-6a1673ffca7c', NULL, NULL, '78aafe4a-67a7-2076-3bf3-eb0223d0a4f7', NULL, NULL, '2021-12-06 13:41:49', 65000000.0000, 1, 9.86, 2022, 9, 2022, '2021-12-06 13:41:49', True, NULL, '2021-12-06 13:41:49', NULL, '2021-12-06 13:41:49'),
('58afd6b5-2205-64f6-9341-c1ec321fe728', 'TS00017', 'Laptop HP Omen 15', '469b3ece-744a-45d5-957d-e8c757976496', NULL, NULL, '78aafe4a-67a7-2076-3bf3-eb0223d0a4f7', NULL, NULL, '2021-12-06 13:41:49', 45000000.0000, 10, 9.82, 2020, 5, 2022, '2021-12-06 13:41:49', False, NULL, '2021-12-06 13:41:49', NULL, '2021-12-06 13:41:49'),
('58e49fff-2a42-4ce7-1c77-d9ebc53aac3d', 'TS00101', 'Microsoft Surface Laptop 4', '142cb08f-7c31-21fa-8e90-67245e8b283e', NULL, NULL, '78aafe4a-67a7-2076-3bf3-eb0223d0a4f7', NULL, NULL, '2021-12-06 13:41:49', 65000000.0000, 7, 9.65, 2021, 5, 2022, '2021-12-06 13:41:49', True, NULL, '2021-12-06 13:41:49', NULL, '2021-12-06 13:41:49'),
('592aba45-4643-52ff-c1d2-89b22d10517e', 'TS00310', 'Apple Macbook Air M1 13"', '11452b0c-768e-5ff7-0d63-eeb1d8ed8cef', NULL, NULL, '78aafe4a-67a7-2076-3bf3-eb0223d0a4f7', NULL, NULL, '2021-12-06 13:41:49', 60000000.0000, 6, 7.69, 2021, 6, 2022, '2021-12-06 13:41:49', False, NULL, '2021-12-06 13:41:49', NULL, '2021-12-06 13:41:49'),
('5957cf32-7c84-1987-1635-60b3ebf808a9', 'TS00964', 'Laptop ASUS Gaming ROG Zephyrus DUO', '11452b0c-768e-5ff7-0d63-eeb1d8ed8cef', NULL, NULL, '78aafe4a-67a7-2076-3bf3-eb0223d0a4f7', NULL, NULL, '2021-12-06 13:41:49', 40000000.0000, 2, 5.58, 2020, 6, 2022, '2021-12-06 13:41:49', True, NULL, '2021-12-06 13:41:49', NULL, '2021-12-06 13:41:49'),
('595e7d51-318c-39e8-1377-d9ebc53aac3d', 'TS00229', 'Apple Macbook M1 Pro 16"', '469b3ece-744a-45d5-957d-e8c757976496', NULL, NULL, '78aafe4a-67a7-2076-3bf3-eb0223d0a4f7', NULL, NULL, '2021-12-06 13:41:49', 55000000.0000, 5, 7.09, 2022, 5, 2022, '2021-12-06 13:41:49', True, NULL, '2021-12-06 13:41:49', NULL, '2021-12-06 13:41:49'),
('59a2f614-253e-1202-6480-7ed9d1ea06ea', 'TS00520', 'Laptop Gigabyte Gaming Aorus 15P', '469b3ece-744a-45d5-957d-e8c757976496', NULL, NULL, '78aafe4a-67a7-2076-3bf3-eb0223d0a4f7', NULL, NULL, '2021-12-06 13:41:49', 60000000.0000, 9, 6.98, 2021, 8, 2022, '2021-12-06 13:41:49', True, NULL, '2021-12-06 13:41:49', NULL, '2021-12-06 13:41:49'),
('5a841b92-791c-78df-5180-7ed9d1ea06ea', 'TS00894', 'Laptop ASUS Gaming ROG Zephyrus DUO', '17120d02-6ab5-3e43-18cb-66948daf6128', NULL, NULL, '78aafe4a-67a7-2076-3bf3-eb0223d0a4f7', NULL, NULL, '2021-12-06 13:41:49', 75000000.0000, 1, 8.9, 2020, 7, 2022, '2021-12-06 13:41:49', False, NULL, '2021-12-06 13:41:49', NULL, '2021-12-06 13:41:49'),
('5b92dd14-27d6-12d0-0e35-60b3ebf808a9', 'TS00541', 'Laptop ASUS Gaming TUF', '17120d02-6ab5-3e43-18cb-66948daf6128', NULL, NULL, '78aafe4a-67a7-2076-3bf3-eb0223d0a4f7', NULL, NULL, '2021-12-06 13:41:49', 55000000.0000, 1, 6.86, 2022, 7, 2022, '2021-12-06 13:41:49', False, NULL, '2021-12-06 13:41:49', NULL, '2021-12-06 13:41:49'),
('5c762b70-6ca3-4343-2880-de64d090a2c2', 'TS00094', 'Apple Macbook M1 Pro 14"', '142cb08f-7c31-21fa-8e90-67245e8b283e', NULL, NULL, '78aafe4a-67a7-2076-3bf3-eb0223d0a4f7', NULL, NULL, '2021-12-06 13:41:49', 80000000.0000, 7, 7.34, 2020, 7, 2022, '2021-12-06 13:41:49', True, NULL, '2021-12-06 13:41:49', NULL, '2021-12-06 13:41:49'),
('5c7f0ec4-77f2-3794-cf1d-086412a8ea97', 'TS00993', 'Microsoft Surface Pro 7 Plus\r\n\r\n', '469b3ece-744a-45d5-957d-e8c757976496', NULL, NULL, '78aafe4a-67a7-2076-3bf3-eb0223d0a4f7', NULL, NULL, '2021-12-06 13:41:49', 65000000.0000, 3, 6.65, 2020, 9, 2022, '2021-12-06 13:41:49', False, NULL, '2021-12-06 13:41:49', NULL, '2021-12-06 13:41:49'),
('5c85f9f2-1de1-4f0a-3e35-0028ed526dd0', 'TS00070', 'Microsoft Surface Laptop 4', '17120d02-6ab5-3e43-18cb-66948daf6128', NULL, NULL, '78aafe4a-67a7-2076-3bf3-eb0223d0a4f7', NULL, NULL, '2021-12-06 13:41:49', 65000000.0000, 2, 7.06, 2021, 8, 2022, '2021-12-06 13:41:49', False, NULL, '2021-12-06 13:41:49', NULL, '2021-12-06 13:41:49'),
('5cc649e9-60e1-5050-5435-0028ed526dd0', 'TS00351', 'Apple Macbook M1 Pro 16"', '142cb08f-7c31-21fa-8e90-67245e8b283e', NULL, NULL, '78aafe4a-67a7-2076-3bf3-eb0223d0a4f7', NULL, NULL, '2021-12-06 13:41:49', 40000000.0000, 2, 8.98, 2022, 9, 2022, '2021-12-06 13:41:49', True, NULL, '2021-12-06 13:41:49', NULL, '2021-12-06 13:41:49'),
('5dc832b0-169a-1395-37c2-579daad24557', 'TS00919', 'Laptop Dell Latitudes', '4e272fc4-7875-78d6-7d32-6a1673ffca7c', NULL, NULL, '78aafe4a-67a7-2076-3bf3-eb0223d0a4f7', NULL, NULL, '2021-12-06 13:41:49', 70000000.0000, 9, 9.81, 2020, 9, 2022, '2021-12-06 13:41:49', False, NULL, '2021-12-06 13:41:49', NULL, '2021-12-06 13:41:49'),
('5de704c2-573f-1a71-1a80-de64d090a2c2', 'TS00287', 'Laptop HP Omen 16', '4e272fc4-7875-78d6-7d32-6a1673ffca7c', NULL, NULL, '78aafe4a-67a7-2076-3bf3-eb0223d0a4f7', NULL, NULL, '2021-12-06 13:41:49', 70000000.0000, 10, 7.79, 2021, 6, 2022, '2021-12-06 13:41:49', True, NULL, '2021-12-06 13:41:49', NULL, '2021-12-06 13:41:49'),
('5e07660f-437a-6b63-4ac2-579daad24557', 'TS00464', 'Microsoft Surface Laptop 4', '11452b0c-768e-5ff7-0d63-eeb1d8ed8cef', NULL, NULL, '78aafe4a-67a7-2076-3bf3-eb0223d0a4f7', NULL, NULL, '2021-12-06 13:41:49', 80000000.0000, 5, 6.54, 2021, 5, 2022, '2021-12-06 13:41:49', True, NULL, '2021-12-06 13:41:49', NULL, '2021-12-06 13:41:49'),
('5eaa6527-768d-3ae7-1977-d9ebc53aac3d', 'TS00709', 'Microsoft Surface Book 3', '4e272fc4-7875-78d6-7d32-6a1673ffca7c', NULL, NULL, '78aafe4a-67a7-2076-3bf3-eb0223d0a4f7', NULL, NULL, '2021-12-06 13:41:49', 80000000.0000, 3, 7.47, 2021, 9, 2022, '2021-12-06 13:41:49', True, NULL, '2021-12-06 13:41:49', NULL, '2021-12-06 13:41:49'),
('5edb2be2-7849-4909-c2d2-89b22d10517e', 'TS00798', 'Microsoft Surface Pro X1', '11452b0c-768e-5ff7-0d63-eeb1d8ed8cef', NULL, NULL, '78aafe4a-67a7-2076-3bf3-eb0223d0a4f7', NULL, NULL, '2021-12-06 13:41:49', 60000000.0000, 10, 7.08, 2021, 8, 2022, '2021-12-06 13:41:49', False, NULL, '2021-12-06 13:41:49', NULL, '2021-12-06 13:41:49'),
('5f03d745-7702-1c85-2bc2-579daad24557', 'TS00358', 'Apple Macbook Pro 2019 16"', '17120d02-6ab5-3e43-18cb-66948daf6128', NULL, NULL, '78aafe4a-67a7-2076-3bf3-eb0223d0a4f7', NULL, NULL, '2021-12-06 13:41:49', 45000000.0000, 3, 7.44, 2021, 5, 2022, '2021-12-06 13:41:49', True, NULL, '2021-12-06 13:41:49', NULL, '2021-12-06 13:41:49'),
('5f4b1d0a-247b-7049-4435-0028ed526dd0', 'TS00050', 'Microsoft Surface Laptop 4', '142cb08f-7c31-21fa-8e90-67245e8b283e', NULL, NULL, '78aafe4a-67a7-2076-3bf3-eb0223d0a4f7', NULL, NULL, '2021-12-06 13:41:49', 65000000.0000, 4, 9.96, 2020, 6, 2022, '2021-12-06 13:41:49', False, NULL, '2021-12-06 13:41:49', NULL, '2021-12-06 13:41:49'),
('5fab4ff7-1b8e-64d0-1880-de64d090a2c2', 'TS00119', 'Laptop HP Omen 15', '17120d02-6ab5-3e43-18cb-66948daf6128', NULL, NULL, '78aafe4a-67a7-2076-3bf3-eb0223d0a4f7', NULL, NULL, '2021-12-06 13:41:49', 75000000.0000, 2, 7.86, 2020, 6, 2022, '2021-12-06 13:41:49', True, NULL, '2021-12-06 13:41:49', NULL, '2021-12-06 13:41:49'),
('5fb9392a-4ad5-1fe7-76f6-423b4e874d0f', 'TS00138', 'Laptop Dell Inspiron 5406', '469b3ece-744a-45d5-957d-e8c757976496', NULL, NULL, '78aafe4a-67a7-2076-3bf3-eb0223d0a4f7', NULL, NULL, '2021-12-06 13:41:49', 45000000.0000, 3, 9.13, 2020, 8, 2022, '2021-12-06 13:41:49', False, NULL, '2021-12-06 13:41:49', NULL, '2021-12-06 13:41:49'),
('5fd0a411-5945-70f7-4a35-0028ed526dd0', 'TS00176', 'Laptop Dell Latitudes', '11452b0c-768e-5ff7-0d63-eeb1d8ed8cef', NULL, NULL, '78aafe4a-67a7-2076-3bf3-eb0223d0a4f7', NULL, NULL, '2021-12-06 13:41:49', 50000000.0000, 1, 6.03, 2021, 6, 2022, '2021-12-06 13:41:49', False, NULL, '2021-12-06 13:41:49', NULL, '2021-12-06 13:41:49'),
('60b57ac2-2e01-384d-2980-de64d090a2c2', 'TS00087', 'Laptop Gigabyte Gaming Aorus 15P', '142cb08f-7c31-21fa-8e90-67245e8b283e', NULL, NULL, '78aafe4a-67a7-2076-3bf3-eb0223d0a4f7', NULL, NULL, '2021-12-06 13:41:49', 75000000.0000, 8, 6.31, 2022, 5, 2022, '2021-12-06 13:41:49', False, NULL, '2021-12-06 13:41:49', NULL, '2021-12-06 13:41:49'),
('60fa924e-77de-55f3-2377-d9ebc53aac3d', 'TS00790', 'Apple Macbook M1 Pro 14"', '469b3ece-744a-45d5-957d-e8c757976496', NULL, NULL, '78aafe4a-67a7-2076-3bf3-eb0223d0a4f7', NULL, NULL, '2021-12-06 13:41:49', 55000000.0000, 4, 6.26, 2021, 7, 2022, '2021-12-06 13:41:49', False, NULL, '2021-12-06 13:41:49', NULL, '2021-12-06 13:41:49'),
('611bb57c-5f6c-434c-c5d2-89b22d10517e', 'TS00405', 'Laptop Dell Latitudes', '17120d02-6ab5-3e43-18cb-66948daf6128', NULL, NULL, '78aafe4a-67a7-2076-3bf3-eb0223d0a4f7', NULL, NULL, '2021-12-06 13:41:49', 50000000.0000, 1, 6.69, 2022, 7, 2022, '2021-12-06 13:41:49', True, NULL, '2021-12-06 13:41:49', NULL, '2021-12-06 13:41:49'),
('613afd47-2fc1-15ed-0735-60b3ebf808a9', 'TS00628', 'Apple Macbook M1 Pro 16"', '11452b0c-768e-5ff7-0d63-eeb1d8ed8cef', NULL, NULL, '78aafe4a-67a7-2076-3bf3-eb0223d0a4f7', NULL, NULL, '2021-12-06 13:41:49', 40000000.0000, 9, 5.05, 2020, 7, 2022, '2021-12-06 13:41:49', False, NULL, '2021-12-06 13:41:49', NULL, '2021-12-06 13:41:49'),
('619ecbc4-37bc-19ea-6ff6-423b4e874d0f', 'TS00240', 'Laptop ASUS Zenbook UX32AEA', '4e272fc4-7875-78d6-7d32-6a1673ffca7c', NULL, NULL, '78aafe4a-67a7-2076-3bf3-eb0223d0a4f7', NULL, NULL, '2021-12-06 13:41:49', 80000000.0000, 4, 9.82, 2021, 8, 2022, '2021-12-06 13:41:49', True, NULL, '2021-12-06 13:41:49', NULL, '2021-12-06 13:41:49'),
('61cc168f-3524-218a-2b80-de64d090a2c2', 'TS00389', 'Laptop ASUS Gaming TUF', '11452b0c-768e-5ff7-0d63-eeb1d8ed8cef', NULL, NULL, '78aafe4a-67a7-2076-3bf3-eb0223d0a4f7', NULL, NULL, '2021-12-06 13:41:49', 80000000.0000, 2, 7.37, 2020, 6, 2022, '2021-12-06 13:41:49', False, NULL, '2021-12-06 13:41:49', NULL, '2021-12-06 13:41:49'),
('623727c0-4fb7-573d-c3d2-89b22d10517e', 'TS00955', 'Microsoft Surface Pro 7 Plus\r\n\r\n', '469b3ece-744a-45d5-957d-e8c757976496', NULL, NULL, '78aafe4a-67a7-2076-3bf3-eb0223d0a4f7', NULL, NULL, '2021-12-06 13:41:49', 40000000.0000, 3, 8.59, 2022, 5, 2022, '2021-12-06 13:41:49', True, NULL, '2021-12-06 13:41:49', NULL, '2021-12-06 13:41:49'),
('62563348-7bd5-6519-3c35-0028ed526dd0', 'TS00438', 'Laptop Workstation Dell Precision 7720', '17120d02-6ab5-3e43-18cb-66948daf6128', NULL, NULL, '78aafe4a-67a7-2076-3bf3-eb0223d0a4f7', NULL, NULL, '2021-12-06 13:41:49', 40000000.0000, 5, 7.33, 2022, 5, 2022, '2021-12-06 13:41:49', True, NULL, '2021-12-06 13:41:49', NULL, '2021-12-06 13:41:49'),
('62af2231-78a7-7caa-cd1d-086412a8ea97', 'TS00965', 'Laptop Gaming VGS Imperium', '17120d02-6ab5-3e43-18cb-66948daf6128', NULL, NULL, '78aafe4a-67a7-2076-3bf3-eb0223d0a4f7', NULL, NULL, '2021-12-06 13:41:49', 65000000.0000, 4, 9.67, 2022, 10, 2022, '2021-12-06 13:41:49', False, NULL, '2021-12-06 13:41:49', NULL, '2021-12-06 13:41:49'),
('6349b25b-78e2-2d06-2780-de64d090a2c2', 'TS00996', 'Laptop Dell Inspiron 5406', '17120d02-6ab5-3e43-18cb-66948daf6128', NULL, NULL, '78aafe4a-67a7-2076-3bf3-eb0223d0a4f7', NULL, NULL, '2021-12-06 13:41:49', 60000000.0000, 5, 8.58, 2020, 10, 2022, '2021-12-06 13:41:49', True, NULL, '2021-12-06 13:41:49', NULL, '2021-12-06 13:41:49'),
('6385cdf4-650b-6946-7cf6-423b4e874d0f', 'TS00466', 'Laptop MSI P75 Creator 9SF', '17120d02-6ab5-3e43-18cb-66948daf6128', NULL, NULL, '78aafe4a-67a7-2076-3bf3-eb0223d0a4f7', NULL, NULL, '2021-12-06 13:41:49', 60000000.0000, 4, 8.11, 2020, 10, 2022, '2021-12-06 13:41:49', False, NULL, '2021-12-06 13:41:49', NULL, '2021-12-06 13:41:49'),
('6399a2a5-2afd-3384-da1d-086412a8ea97', 'TS00129', 'Apple Macbook M1 Pro 14"', '142cb08f-7c31-21fa-8e90-67245e8b283e', NULL, NULL, '78aafe4a-67a7-2076-3bf3-eb0223d0a4f7', NULL, NULL, '2021-12-06 13:41:49', 40000000.0000, 5, 6.68, 2021, 5, 2022, '2021-12-06 13:41:49', True, NULL, '2021-12-06 13:41:49', NULL, '2021-12-06 13:41:49'),
('6485b64f-7835-65a4-8041-c1ec321fe728', 'TS00569', 'Laptop Dell Alienware m15', '469b3ece-744a-45d5-957d-e8c757976496', NULL, NULL, '78aafe4a-67a7-2076-3bf3-eb0223d0a4f7', NULL, NULL, '2021-12-06 13:41:49', 65000000.0000, 6, 9.41, 2020, 6, 2022, '2021-12-06 13:41:49', True, NULL, '2021-12-06 13:41:49', NULL, '2021-12-06 13:41:49'),
('65334c99-4eec-773c-2c77-d9ebc53aac3d', 'TS00987', 'Laptop HP Omen 16', '4e272fc4-7875-78d6-7d32-6a1673ffca7c', NULL, NULL, '78aafe4a-67a7-2076-3bf3-eb0223d0a4f7', NULL, NULL, '2021-12-06 13:41:49', 55000000.0000, 9, 9.05, 2021, 10, 2022, '2021-12-06 13:41:49', False, NULL, '2021-12-06 13:41:49', NULL, '2021-12-06 13:41:49'),
('65ecf5c2-5298-156e-d51d-086412a8ea97', 'TS00458', 'Laptop Lenovo Legion 7', '17120d02-6ab5-3e43-18cb-66948daf6128', NULL, NULL, '78aafe4a-67a7-2076-3bf3-eb0223d0a4f7', NULL, NULL, '2021-12-06 13:41:49', 60000000.0000, 10, 7.75, 2021, 10, 2022, '2021-12-06 13:41:49', False, NULL, '2021-12-06 13:41:49', NULL, '2021-12-06 13:41:49'),
('66ef0b11-1892-1443-1877-d9ebc53aac3d', 'TS00862', 'Laptop Gigabyte Gaming Aorus 15P', '142cb08f-7c31-21fa-8e90-67245e8b283e', NULL, NULL, '78aafe4a-67a7-2076-3bf3-eb0223d0a4f7', NULL, NULL, '2021-12-06 13:41:49', 40000000.0000, 2, 9.65, 2021, 8, 2022, '2021-12-06 13:41:49', True, NULL, '2021-12-06 13:41:49', NULL, '2021-12-06 13:41:49'),
('677132b4-2a33-68d1-26c2-579daad24557', 'TS00023', 'Laptop ASUS Gaming TUF', '17120d02-6ab5-3e43-18cb-66948daf6128', NULL, NULL, '78aafe4a-67a7-2076-3bf3-eb0223d0a4f7', NULL, NULL, '2021-12-06 13:41:49', 60000000.0000, 9, 8.8, 2022, 5, 2022, '2021-12-06 13:41:49', False, NULL, '2021-12-06 13:41:49', NULL, '2021-12-06 13:41:49'),
('67e3818b-56b7-4eb0-5c80-7ed9d1ea06ea', 'TS00614', 'Laptop ASUS Gaming ROG Zephyrus S17', '142cb08f-7c31-21fa-8e90-67245e8b283e', NULL, NULL, '78aafe4a-67a7-2076-3bf3-eb0223d0a4f7', NULL, NULL, '2021-12-06 13:41:49', 45000000.0000, 1, 7.46, 2021, 9, 2022, '2021-12-06 13:41:49', False, NULL, '2021-12-06 13:41:49', NULL, '2021-12-06 13:41:49'),
('68c6083a-3e64-63ed-49c2-579daad24557', 'TS00764', 'Microsoft Surface Book 3', '4e272fc4-7875-78d6-7d32-6a1673ffca7c', NULL, NULL, '78aafe4a-67a7-2076-3bf3-eb0223d0a4f7', NULL, NULL, '2021-12-06 13:41:49', 50000000.0000, 1, 6.87, 2020, 8, 2022, '2021-12-06 13:41:49', False, NULL, '2021-12-06 13:41:49', NULL, '2021-12-06 13:41:49'),
('6a50ecc3-384e-2a54-2177-d9ebc53aac3d', 'TS00510', 'Laptop ASUS Gaming TUF', '17120d02-6ab5-3e43-18cb-66948daf6128', NULL, NULL, '78aafe4a-67a7-2076-3bf3-eb0223d0a4f7', NULL, NULL, '2021-12-06 13:41:49', 70000000.0000, 10, 9.63, 2020, 8, 2022, '2021-12-06 13:41:49', False, NULL, '2021-12-06 13:41:49', NULL, '2021-12-06 13:41:49'),
('6a763a51-4322-5c5a-b5d2-89b22d10517e', 'TS00445', 'Laptop ASUS Gaming ROG Zephyrus S17', '4e272fc4-7875-78d6-7d32-6a1673ffca7c', NULL, NULL, '78aafe4a-67a7-2076-3bf3-eb0223d0a4f7', NULL, NULL, '2021-12-06 13:41:49', 40000000.0000, 4, 6.93, 2022, 10, 2022, '2021-12-06 13:41:49', True, NULL, '2021-12-06 13:41:49', NULL, '2021-12-06 13:41:49'),
('6b003232-3bbd-7f5b-2f77-d9ebc53aac3d', 'TS00516', 'Laptop Lenovo Thinkpad X1 Fold Gen 1', '142cb08f-7c31-21fa-8e90-67245e8b283e', NULL, NULL, '78aafe4a-67a7-2076-3bf3-eb0223d0a4f7', NULL, NULL, '2021-12-06 13:41:49', 80000000.0000, 8, 5.97, 2022, 8, 2022, '2021-12-06 13:41:49', False, NULL, '2021-12-06 13:41:49', NULL, '2021-12-06 13:41:49'),
('6b12b154-39d3-1a5b-2280-de64d090a2c2', 'TS00796', 'Laptop ASUS Zenbook UX32AEA', '142cb08f-7c31-21fa-8e90-67245e8b283e', NULL, NULL, '78aafe4a-67a7-2076-3bf3-eb0223d0a4f7', NULL, NULL, '2021-12-06 13:41:49', 55000000.0000, 7, 7.36, 2020, 7, 2022, '2021-12-06 13:41:49', True, NULL, '2021-12-06 13:41:49', NULL, '2021-12-06 13:41:49'),
('6b3600cd-500f-4faf-5035-0028ed526dd0', 'TS00843', 'Laptop MSI P75 Creator 9SF', '11452b0c-768e-5ff7-0d63-eeb1d8ed8cef', NULL, NULL, '78aafe4a-67a7-2076-3bf3-eb0223d0a4f7', NULL, NULL, '2021-12-06 13:41:49', 40000000.0000, 8, 9.48, 2021, 5, 2022, '2021-12-06 13:41:49', False, NULL, '2021-12-06 13:41:49', NULL, '2021-12-06 13:41:49'),
('6b45cb9f-6de5-7a17-2d77-d9ebc53aac3d', 'TS00430', 'Laptop ASUS Zenbook UX32AEA', '17120d02-6ab5-3e43-18cb-66948daf6128', NULL, NULL, '78aafe4a-67a7-2076-3bf3-eb0223d0a4f7', NULL, NULL, '2021-12-06 13:41:49', 50000000.0000, 7, 7.5, 2021, 7, 2022, '2021-12-06 13:41:49', True, NULL, '2021-12-06 13:41:49', NULL, '2021-12-06 13:41:49'),
('6b550b8f-7ff9-51bc-0f77-d9ebc53aac3d', 'TS00548', 'Apple Macbook M1 Pro 14"', '142cb08f-7c31-21fa-8e90-67245e8b283e', NULL, NULL, '78aafe4a-67a7-2076-3bf3-eb0223d0a4f7', NULL, NULL, '2021-12-06 13:41:49', 55000000.0000, 5, 9.55, 2022, 7, 2022, '2021-12-06 13:41:49', False, NULL, '2021-12-06 13:41:49', NULL, '2021-12-06 13:41:49'),
('6b76d607-7d60-38a2-5680-7ed9d1ea06ea', 'TS00320', 'Laptop Dell Inspiron 5406', '469b3ece-744a-45d5-957d-e8c757976496', NULL, NULL, '78aafe4a-67a7-2076-3bf3-eb0223d0a4f7', NULL, NULL, '2021-12-06 13:41:49', 50000000.0000, 1, 9.41, 2020, 9, 2022, '2021-12-06 13:41:49', True, NULL, '2021-12-06 13:41:49', NULL, '2021-12-06 13:41:49'),
('6b9348f5-1362-7ba5-1235-60b3ebf808a9', 'TS00971', 'Microsoft Surface Book 3', '17120d02-6ab5-3e43-18cb-66948daf6128', NULL, NULL, '78aafe4a-67a7-2076-3bf3-eb0223d0a4f7', NULL, NULL, '2021-12-06 13:41:49', 55000000.0000, 7, 9.43, 2022, 8, 2022, '2021-12-06 13:41:49', True, NULL, '2021-12-06 13:41:49', NULL, '2021-12-06 13:41:49'),
('6bb2a723-7c18-1df2-0b35-60b3ebf808a9', 'TS00573', 'Laptop MSI P75 Creator 9SF', '11452b0c-768e-5ff7-0d63-eeb1d8ed8cef', NULL, NULL, '78aafe4a-67a7-2076-3bf3-eb0223d0a4f7', NULL, NULL, '2021-12-06 13:41:49', 75000000.0000, 1, 6.21, 2021, 8, 2022, '2021-12-06 13:41:49', True, NULL, '2021-12-06 13:41:49', NULL, '2021-12-06 13:41:49'),
('6c5b9fe7-14c9-3bb5-b4d2-89b22d10517e', 'TS00603', 'Laptop ASUS Gaming TUF', '469b3ece-744a-45d5-957d-e8c757976496', NULL, NULL, '78aafe4a-67a7-2076-3bf3-eb0223d0a4f7', NULL, NULL, '2021-12-06 13:41:49', 60000000.0000, 8, 8.72, 2022, 10, 2022, '2021-12-06 13:41:49', True, NULL, '2021-12-06 13:41:49', NULL, '2021-12-06 13:41:49'),
('6c80a684-1cb5-41af-ff34-60b3ebf808a9', 'TS00198', 'Laptop MSI P75 Creator 9SF', '4e272fc4-7875-78d6-7d32-6a1673ffca7c', NULL, NULL, '78aafe4a-67a7-2076-3bf3-eb0223d0a4f7', NULL, NULL, '2021-12-06 13:41:49', 55000000.0000, 4, 8.05, 2022, 8, 2022, '2021-12-06 13:41:49', True, NULL, '2021-12-06 13:41:49', NULL, '2021-12-06 13:41:49'),
('6d489b13-7396-7986-1577-d9ebc53aac3d', 'TS00299', 'Microsoft Surface Pro 7 Plus\r\n\r\n', '11452b0c-768e-5ff7-0d63-eeb1d8ed8cef', NULL, NULL, '78aafe4a-67a7-2076-3bf3-eb0223d0a4f7', NULL, NULL, '2021-12-06 13:41:49', 60000000.0000, 5, 6.91, 2021, 7, 2022, '2021-12-06 13:41:49', True, NULL, '2021-12-06 13:41:49', NULL, '2021-12-06 13:41:49'),
('6d7def1b-4b7e-52aa-8f41-c1ec321fe728', 'TS00821', 'Laptop ASUS Gaming TUF', '17120d02-6ab5-3e43-18cb-66948daf6128', NULL, NULL, '78aafe4a-67a7-2076-3bf3-eb0223d0a4f7', NULL, NULL, '2021-12-06 13:41:49', 60000000.0000, 1, 8.59, 2022, 10, 2022, '2021-12-06 13:41:49', False, NULL, '2021-12-06 13:41:49', NULL, '2021-12-06 13:41:49'),
('6dcdb6b6-273a-6aaa-8541-c1ec321fe728', 'TS00579', 'Microsoft Surface Pro X1', '17120d02-6ab5-3e43-18cb-66948daf6128', NULL, NULL, '78aafe4a-67a7-2076-3bf3-eb0223d0a4f7', NULL, NULL, '2021-12-06 13:41:49', 70000000.0000, 10, 7.02, 2020, 6, 2022, '2021-12-06 13:41:49', False, NULL, '2021-12-06 13:41:49', NULL, '2021-12-06 13:41:49'),
('6e3f7a8c-2f78-16a9-36c2-579daad24557', 'TS00139', 'Laptop Lenovo Thinkpad X1 Fold Gen 1', '4e272fc4-7875-78d6-7d32-6a1673ffca7c', NULL, NULL, '78aafe4a-67a7-2076-3bf3-eb0223d0a4f7', NULL, NULL, '2021-12-06 13:41:49', 45000000.0000, 1, 9.09, 2022, 5, 2022, '2021-12-06 13:41:49', True, NULL, '2021-12-06 13:41:49', NULL, '2021-12-06 13:41:49'),
('6e5bdc72-59a2-5141-7af6-423b4e874d0f', 'TS00179', 'Laptop HP Omen 15', '469b3ece-744a-45d5-957d-e8c757976496', NULL, NULL, '78aafe4a-67a7-2076-3bf3-eb0223d0a4f7', NULL, NULL, '2021-12-06 13:41:49', 45000000.0000, 7, 7.7, 2020, 6, 2022, '2021-12-06 13:41:49', False, NULL, '2021-12-06 13:41:49', NULL, '2021-12-06 13:41:49'),
('6e60b234-643f-288e-7ff6-423b4e874d0f', 'TS00021', 'Laptop Dell Alienware m15', '4e272fc4-7875-78d6-7d32-6a1673ffca7c', NULL, NULL, '78aafe4a-67a7-2076-3bf3-eb0223d0a4f7', NULL, NULL, '2021-12-06 13:41:49', 40000000.0000, 5, 8.09, 2021, 10, 2022, '2021-12-06 13:41:49', False, NULL, '2021-12-06 13:41:49', NULL, '2021-12-06 13:41:49'),
('6f1014db-2ff0-613b-bdd2-89b22d10517e', 'TS00132', 'Laptop Lenovo Thinkpad X1 Fold Gen 1', '17120d02-6ab5-3e43-18cb-66948daf6128', NULL, NULL, '78aafe4a-67a7-2076-3bf3-eb0223d0a4f7', NULL, NULL, '2021-12-06 13:41:49', 65000000.0000, 2, 8.57, 2020, 8, 2022, '2021-12-06 13:41:49', True, NULL, '2021-12-06 13:41:49', NULL, '2021-12-06 13:41:49'),
('6f51ea57-13b2-139f-1177-d9ebc53aac3d', 'TS00171', 'Laptop Dell Latitudes', '11452b0c-768e-5ff7-0d63-eeb1d8ed8cef', NULL, NULL, '78aafe4a-67a7-2076-3bf3-eb0223d0a4f7', NULL, NULL, '2021-12-06 13:41:49', 55000000.0000, 9, 6.92, 2020, 5, 2022, '2021-12-06 13:41:49', False, NULL, '2021-12-06 13:41:49', NULL, '2021-12-06 13:41:49'),
('707e1336-6584-55de-8341-c1ec321fe728', 'TS00482', 'Laptop Dell Alienware m15', '142cb08f-7c31-21fa-8e90-67245e8b283e', NULL, NULL, '78aafe4a-67a7-2076-3bf3-eb0223d0a4f7', NULL, NULL, '2021-12-06 13:41:49', 40000000.0000, 4, 9.88, 2021, 5, 2022, '2021-12-06 13:41:49', True, NULL, '2021-12-06 13:41:49', NULL, '2021-12-06 13:41:49'),
('70aead00-2db5-77f7-2277-d9ebc53aac3d', 'TS00788', 'Laptop Lenovo Thinkpad X1 Fold Gen 1', '17120d02-6ab5-3e43-18cb-66948daf6128', NULL, NULL, '78aafe4a-67a7-2076-3bf3-eb0223d0a4f7', NULL, NULL, '2021-12-06 13:41:49', 80000000.0000, 4, 7.29, 2022, 5, 2022, '2021-12-06 13:41:49', True, NULL, '2021-12-06 13:41:49', NULL, '2021-12-06 13:41:49'),
('721b7460-7378-2203-0435-60b3ebf808a9', 'TS00633', 'Laptop Gaming VGS Imperium', '469b3ece-744a-45d5-957d-e8c757976496', NULL, NULL, '78aafe4a-67a7-2076-3bf3-eb0223d0a4f7', NULL, NULL, '2021-12-06 13:41:49', 60000000.0000, 5, 8.04, 2021, 9, 2022, '2021-12-06 13:41:49', False, NULL, '2021-12-06 13:41:49', NULL, '2021-12-06 13:41:49'),
('72fe5819-3c8c-3651-cad2-89b22d10517e', 'TS00921', 'Laptop Dell Alienware m15', '142cb08f-7c31-21fa-8e90-67245e8b283e', NULL, NULL, '78aafe4a-67a7-2076-3bf3-eb0223d0a4f7', NULL, NULL, '2021-12-06 13:41:49', 70000000.0000, 9, 8.59, 2021, 7, 2022, '2021-12-06 13:41:49', True, NULL, '2021-12-06 13:41:49', NULL, '2021-12-06 13:41:49'),
('73dc79e1-1ccb-35a6-0235-60b3ebf808a9', 'TS00975', 'Laptop MSI P75 Creator 9SF', '142cb08f-7c31-21fa-8e90-67245e8b283e', NULL, NULL, '78aafe4a-67a7-2076-3bf3-eb0223d0a4f7', NULL, NULL, '2021-12-06 13:41:49', 75000000.0000, 3, 5.1, 2020, 9, 2022, '2021-12-06 13:41:49', False, NULL, '2021-12-06 13:41:49', NULL, '2021-12-06 13:41:49'),
('75ec2fe2-5965-48e6-9141-c1ec321fe728', 'TS00420', 'Apple Macbook Pro 2019 16"', '469b3ece-744a-45d5-957d-e8c757976496', NULL, NULL, '78aafe4a-67a7-2076-3bf3-eb0223d0a4f7', NULL, NULL, '2021-12-06 13:41:49', 45000000.0000, 7, 7.09, 2020, 9, 2022, '2021-12-06 13:41:49', False, NULL, '2021-12-06 13:41:49', NULL, '2021-12-06 13:41:49'),
('762cf9e5-356b-56d7-5f80-7ed9d1ea06ea', 'TS00395', 'Apple Macbook Pro 2019 16"', '4e272fc4-7875-78d6-7d32-6a1673ffca7c', NULL, NULL, '78aafe4a-67a7-2076-3bf3-eb0223d0a4f7', NULL, NULL, '2021-12-06 13:41:49', 45000000.0000, 9, 7.98, 2021, 9, 2022, '2021-12-06 13:41:49', False, NULL, '2021-12-06 13:41:49', NULL, '2021-12-06 13:41:49'),
('7649b7c1-509e-4f94-6580-7ed9d1ea06ea', 'TS00888', 'Laptop MSI P75 Creator 9SF', '11452b0c-768e-5ff7-0d63-eeb1d8ed8cef', NULL, NULL, '78aafe4a-67a7-2076-3bf3-eb0223d0a4f7', NULL, NULL, '2021-12-06 13:41:49', 65000000.0000, 6, 5.49, 2022, 6, 2022, '2021-12-06 13:41:49', True, NULL, '2021-12-06 13:41:49', NULL, '2021-12-06 13:41:49'),
('76b3b772-27f3-37bf-75f6-423b4e874d0f', 'TS00874', 'Laptop ASUS Gaming ROG Zephyrus DUO', '17120d02-6ab5-3e43-18cb-66948daf6128', NULL, NULL, '78aafe4a-67a7-2076-3bf3-eb0223d0a4f7', NULL, NULL, '2021-12-06 13:41:49', 55000000.0000, 3, 5.8, 2020, 6, 2022, '2021-12-06 13:41:49', True, NULL, '2021-12-06 13:41:49', NULL, '2021-12-06 13:41:49'),
('76cc3313-3932-7e97-4635-0028ed526dd0', 'TS00009', 'Laptop Acer Predator Triton 300', '4e272fc4-7875-78d6-7d32-6a1673ffca7c', NULL, NULL, '78aafe4a-67a7-2076-3bf3-eb0223d0a4f7', NULL, NULL, '2021-12-06 13:41:49', 75000000.0000, 9, 8.12, 2021, 10, 2022, '2021-12-06 13:41:49', False, NULL, '2021-12-06 13:41:49', NULL, '2021-12-06 13:41:49'),
('778c67bd-6967-345e-2e77-d9ebc53aac3d', 'TS00932', 'Laptop Dell Alienware m15', '17120d02-6ab5-3e43-18cb-66948daf6128', NULL, NULL, '78aafe4a-67a7-2076-3bf3-eb0223d0a4f7', NULL, NULL, '2021-12-06 13:41:49', 50000000.0000, 6, 7.84, 2022, 7, 2022, '2021-12-06 13:41:49', True, NULL, '2021-12-06 13:41:49', NULL, '2021-12-06 13:41:49'),
('77d03350-6ba4-226c-77f6-423b4e874d0f', 'TS00126', 'Microsoft Surface Pro X1', '17120d02-6ab5-3e43-18cb-66948daf6128', NULL, NULL, '78aafe4a-67a7-2076-3bf3-eb0223d0a4f7', NULL, NULL, '2021-12-06 13:41:49', 65000000.0000, 6, 5.78, 2022, 6, 2022, '2021-12-06 13:41:49', True, NULL, '2021-12-06 13:41:49', NULL, '2021-12-06 13:41:49'),
('78b1d514-338c-3cdc-8641-c1ec321fe728', 'TS00288', 'Laptop Dell Inspiron 5406', '17120d02-6ab5-3e43-18cb-66948daf6128', NULL, NULL, '78aafe4a-67a7-2076-3bf3-eb0223d0a4f7', NULL, NULL, '2021-12-06 13:41:49', 40000000.0000, 9, 6.95, 2021, 7, 2022, '2021-12-06 13:41:49', False, NULL, '2021-12-06 13:41:49', NULL, '2021-12-06 13:41:49'),
('7976650d-4e86-2615-8c41-c1ec321fe728', 'TS00944', 'Laptop MSI P75 Creator 9SF', '11452b0c-768e-5ff7-0d63-eeb1d8ed8cef', NULL, NULL, '78aafe4a-67a7-2076-3bf3-eb0223d0a4f7', NULL, NULL, '2021-12-06 13:41:49', 45000000.0000, 1, 9.79, 2021, 5, 2022, '2021-12-06 13:41:49', False, NULL, '2021-12-06 13:41:49', NULL, '2021-12-06 13:41:49'),
('79806d6f-4830-6311-2577-d9ebc53aac3d', 'TS00296', 'Laptop ASUS Zenbook UX32AEA', '11452b0c-768e-5ff7-0d63-eeb1d8ed8cef', NULL, NULL, '78aafe4a-67a7-2076-3bf3-eb0223d0a4f7', NULL, NULL, '2021-12-06 13:41:49', 70000000.0000, 8, 9.1, 2021, 9, 2022, '2021-12-06 13:41:49', False, NULL, '2021-12-06 13:41:49', NULL, '2021-12-06 13:41:49'),
('79dadd0d-69fa-5e30-35c2-579daad24557', 'TS00683', 'Laptop ASUS Gaming ROG Zephyrus S17', '142cb08f-7c31-21fa-8e90-67245e8b283e', NULL, NULL, '78aafe4a-67a7-2076-3bf3-eb0223d0a4f7', NULL, NULL, '2021-12-06 13:41:49', 55000000.0000, 2, 6.86, 2021, 10, 2022, '2021-12-06 13:41:49', False, NULL, '2021-12-06 13:41:49', NULL, '2021-12-06 13:41:49'),
('7a1114ad-76c4-3734-1f77-d9ebc53aac3d', 'TS00412', 'Apple Macbook M1 Pro 16"', '4e272fc4-7875-78d6-7d32-6a1673ffca7c', NULL, NULL, '78aafe4a-67a7-2076-3bf3-eb0223d0a4f7', NULL, NULL, '2021-12-06 13:41:49', 50000000.0000, 3, 5.14, 2020, 7, 2022, '2021-12-06 13:41:49', True, NULL, '2021-12-06 13:41:49', NULL, '2021-12-06 13:41:49'),
('7a301ea4-331e-73f6-1a77-d9ebc53aac3d', 'TS00967', 'Laptop ASUS Gaming ROG Zephyrus DUO', '17120d02-6ab5-3e43-18cb-66948daf6128', NULL, NULL, '78aafe4a-67a7-2076-3bf3-eb0223d0a4f7', NULL, NULL, '2021-12-06 13:41:49', 45000000.0000, 7, 8.58, 2022, 10, 2022, '2021-12-06 13:41:49', True, NULL, '2021-12-06 13:41:49', NULL, '2021-12-06 13:41:49'),
('7a3fbd10-76db-716b-48c2-579daad24557', 'TS00204', 'Laptop Acer Predator Triton 300', '469b3ece-744a-45d5-957d-e8c757976496', NULL, NULL, '78aafe4a-67a7-2076-3bf3-eb0223d0a4f7', NULL, NULL, '2021-12-06 13:41:49', 50000000.0000, 3, 7.71, 2021, 6, 2022, '2021-12-06 13:41:49', False, NULL, '2021-12-06 13:41:49', NULL, '2021-12-06 13:41:49'),
('7ad34860-1ac8-7ad7-d01d-086412a8ea97', 'TS00522', 'Laptop HP Omen 15', '469b3ece-744a-45d5-957d-e8c757976496', NULL, NULL, '78aafe4a-67a7-2076-3bf3-eb0223d0a4f7', NULL, NULL, '2021-12-06 13:41:49', 50000000.0000, 5, 6.46, 2021, 5, 2022, '2021-12-06 13:41:49', False, NULL, '2021-12-06 13:41:49', NULL, '2021-12-06 13:41:49'),
('7b666cc3-1b67-6037-67f6-423b4e874d0f', 'TS00654', 'Laptop ASUS Zenbook UX32AEA', '4e272fc4-7875-78d6-7d32-6a1673ffca7c', NULL, NULL, '78aafe4a-67a7-2076-3bf3-eb0223d0a4f7', NULL, NULL, '2021-12-06 13:41:49', 50000000.0000, 8, 9.76, 2021, 6, 2022, '2021-12-06 13:41:49', False, NULL, '2021-12-06 13:41:49', NULL, '2021-12-06 13:41:49'),
('7bc9331d-7764-5dd7-80f6-423b4e874d0f', 'TS00304', 'Apple Macbook M1 Pro 16"', '11452b0c-768e-5ff7-0d63-eeb1d8ed8cef', NULL, NULL, '78aafe4a-67a7-2076-3bf3-eb0223d0a4f7', NULL, NULL, '2021-12-06 13:41:49', 55000000.0000, 5, 5.45, 2021, 7, 2022, '2021-12-06 13:41:49', True, NULL, '2021-12-06 13:41:49', NULL, '2021-12-06 13:41:49'),
('7bd9cf39-3f55-3a7b-0035-60b3ebf808a9', 'TS00597', 'Laptop Dell Alienware m15', '4e272fc4-7875-78d6-7d32-6a1673ffca7c', NULL, NULL, '78aafe4a-67a7-2076-3bf3-eb0223d0a4f7', NULL, NULL, '2021-12-06 13:41:49', 45000000.0000, 9, 8.83, 2022, 7, 2022, '2021-12-06 13:41:49', True, NULL, '2021-12-06 13:41:49', NULL, '2021-12-06 13:41:49'),
('7c1ae6ac-6c72-7436-2dc2-579daad24557', 'TS00916', 'Laptop Gaming VGS Imperium', '469b3ece-744a-45d5-957d-e8c757976496', NULL, NULL, '78aafe4a-67a7-2076-3bf3-eb0223d0a4f7', NULL, NULL, '2021-12-06 13:41:49', 40000000.0000, 9, 5.02, 2020, 5, 2022, '2021-12-06 13:41:49', False, NULL, '2021-12-06 13:41:49', NULL, '2021-12-06 13:41:49'),
('7c59ba0b-4768-4115-3477-d9ebc53aac3d', 'TS00772', 'Apple Macbook M1 Pro 14"', '4e272fc4-7875-78d6-7d32-6a1673ffca7c', NULL, NULL, '78aafe4a-67a7-2076-3bf3-eb0223d0a4f7', NULL, NULL, '2021-12-06 13:41:49', 50000000.0000, 9, 9.06, 2022, 8, 2022, '2021-12-06 13:41:49', False, NULL, '2021-12-06 13:41:49', NULL, '2021-12-06 13:41:49'),
('7c6c70d9-2ed5-49d8-81f6-423b4e874d0f', 'TS00642', 'Laptop Dell Inspiron 5406', '469b3ece-744a-45d5-957d-e8c757976496', NULL, NULL, '78aafe4a-67a7-2076-3bf3-eb0223d0a4f7', NULL, NULL, '2021-12-06 13:41:49', 50000000.0000, 8, 8.4, 2020, 8, 2022, '2021-12-06 13:41:49', False, NULL, '2021-12-06 13:41:49', NULL, '2021-12-06 13:41:49'),
('7c86746a-4284-356e-e11d-086412a8ea97', 'TS00201', 'Laptop Workstation Dell Precision 7720', '17120d02-6ab5-3e43-18cb-66948daf6128', NULL, NULL, '78aafe4a-67a7-2076-3bf3-eb0223d0a4f7', NULL, NULL, '2021-12-06 13:41:49', 65000000.0000, 8, 9.04, 2020, 9, 2022, '2021-12-06 13:41:49', True, NULL, '2021-12-06 13:41:49', NULL, '2021-12-06 13:41:49'),
('7d7c8cbb-3c1b-7e12-6680-7ed9d1ea06ea', 'TS00370', 'Laptop Gaming VGS Imperium', '469b3ece-744a-45d5-957d-e8c757976496', NULL, NULL, '78aafe4a-67a7-2076-3bf3-eb0223d0a4f7', NULL, NULL, '2021-12-06 13:41:49', 45000000.0000, 1, 7.36, 2020, 7, 2022, '2021-12-06 13:41:49', False, NULL, '2021-12-06 13:41:49', NULL, '2021-12-06 13:41:49'),
('7d817578-2d6f-7bd4-9841-c1ec321fe728', 'TS00381', 'Laptop Workstation Dell Precision 7720', '11452b0c-768e-5ff7-0d63-eeb1d8ed8cef', NULL, NULL, '78aafe4a-67a7-2076-3bf3-eb0223d0a4f7', NULL, NULL, '2021-12-06 13:41:49', 45000000.0000, 10, 6.14, 2020, 9, 2022, '2021-12-06 13:41:49', False, NULL, '2021-12-06 13:41:49', NULL, '2021-12-06 13:41:49'),
('7d879258-5ccb-11d6-e31d-086412a8ea97', 'TS00069', 'Laptop ASUS Gaming TUF', '4e272fc4-7875-78d6-7d32-6a1673ffca7c', NULL, NULL, '78aafe4a-67a7-2076-3bf3-eb0223d0a4f7', NULL, NULL, '2021-12-06 13:41:49', 75000000.0000, 9, 8.97, 2021, 8, 2022, '2021-12-06 13:41:49', True, NULL, '2021-12-06 13:41:49', NULL, '2021-12-06 13:41:49'),
('7dc15ff7-7a2b-68a9-9941-c1ec321fe728', 'TS00383', 'Laptop Gaming VGS Imperium', '469b3ece-744a-45d5-957d-e8c757976496', NULL, NULL, '78aafe4a-67a7-2076-3bf3-eb0223d0a4f7', NULL, NULL, '2021-12-06 13:41:49', 60000000.0000, 9, 7.55, 2021, 8, 2022, '2021-12-06 13:41:49', True, NULL, '2021-12-06 13:41:49', NULL, '2021-12-06 13:41:49'),
('7e61a689-2cd8-340e-2677-d9ebc53aac3d', 'TS00455', 'Laptop Acer Predator Triton 300', '17120d02-6ab5-3e43-18cb-66948daf6128', NULL, NULL, '78aafe4a-67a7-2076-3bf3-eb0223d0a4f7', NULL, NULL, '2021-12-06 13:41:49', 65000000.0000, 3, 8.12, 2021, 6, 2022, '2021-12-06 13:41:49', False, NULL, '2021-12-06 13:41:49', NULL, '2021-12-06 13:41:49'),
('7eebdc34-6c41-1ab4-5735-0028ed526dd0', 'TS00638', 'Microsoft Surface Pro 7 Plus\r\n\r\n', '11452b0c-768e-5ff7-0d63-eeb1d8ed8cef', NULL, NULL, '78aafe4a-67a7-2076-3bf3-eb0223d0a4f7', NULL, NULL, '2021-12-06 13:41:49', 45000000.0000, 4, 9.11, 2021, 8, 2022, '2021-12-06 13:41:49', True, NULL, '2021-12-06 13:41:49', NULL, '2021-12-06 13:41:49'),
('7f1b6c7c-2b74-3ebb-31c2-579daad24557', 'TS00246', 'Apple Macbook Pro 2019 16"', '469b3ece-744a-45d5-957d-e8c757976496', NULL, NULL, '78aafe4a-67a7-2076-3bf3-eb0223d0a4f7', NULL, NULL, '2021-12-06 13:41:49', 55000000.0000, 9, 6.73, 2021, 5, 2022, '2021-12-06 13:41:49', False, NULL, '2021-12-06 13:41:49', NULL, '2021-12-06 13:41:49');

-- 
-- Restore previous SQL mode
-- 
/*!40101 SET SQL_MODE=@OLD_SQL_MODE */;

-- 
-- Enable foreign keys
-- 
/*!40014 SET FOREIGN_KEY_CHECKS = @OLD_FOREIGN_KEY_CHECKS */;